AtomicNumber,AtomicSymbol,Element,OrbitalGroup,Protons,Neutrons,GroupNumber,Period,SlotNumber,SlotP,SlotN,SlotOrien,AlphaType,SlotX,SlotY,SlotZ,CanBind,AlphaType,SlotLayout,SL1,SL2,SL3,SL4
1,H,hydrogen,,1,0,1,1,1,0,0,H,1,0,0,0,Y,1,,,,,
1,H,hydrogen,,1,0,1,1,2,0,0,V,0,0,0,0,N,0,,,| 14,,
1,H,hydrogen,,1,0,1,1,3,0,0,V,0,0,0,0,N,0,,,,,
1,H,hydrogen,,1,0,1,1,4,0,0,H,0,0,0,0,N,0,,,- 4,| 9,- 13
1,H,hydrogen,,1,0,1,1,5,0,0,H,0,0,0,0,N,0,,- 18,| 2,- 16,
1,H,hydrogen,,1,0,1,1,6,0,0,V,0,0,0,0,N,0,- 10,| 6,- 1,| 7,- 12
1,H,hydrogen,,1,0,1,1,7,0,0,V,0,0,0,0,N,0,,- 17,| 3,- 19,
1,H,hydrogen,,1,0,1,1,8,0,0,V,0,0,0,0,N,0,- 11,| 8,- 5,,
1,H,hydrogen,,1,0,1,1,9,0,0,V,0,0,0,0,N,0,,,,,
1,H,hydrogen,,1,0,1,1,10,0,0,H,0,0,0,0,N,0,,,| 15,,
1,H,hydrogen,,1,0,1,1,11,0,0,H,0,0,0,0,N,0,,,,,
1,H,hydrogen,,1,0,1,1,12,0,0,H,0,0,0,0,N,0,,,,,
1,H,hydrogen,,1,0,1,1,13,0,0,H,0,0,0,0,N,0,,,,,
1,H,hydrogen,,1,0,1,1,14,0,0,V,0,0,0,0,N,0,,,,,
1,H,hydrogen,,1,0,1,1,15,0,0,V,0,0,0,0,N,0,,,,,
1,H,hydrogen,,1,0,1,1,16,0,0,H,0,0,0,0,N,0,,,,,
1,H,hydrogen,,1,0,1,1,17,0,0,H,0,0,0,0,N,0,,,,,
1,H,hydrogen,,1,0,1,1,18,0,0,H,0,0,0,0,N,0,,,,,
1,H,hydrogen,,1,0,1,1,19,0,0,H,0,0,0,0,N,0,,,,,
2,He,helium,,2,2,18,1,1,0,0,H,2,0,0,0,N,2,,,,,
2,He,helium,,2,2,18,1,2,0,0,V,0,0,0,0,N,0,,,| 14,,
2,He,helium,,2,2,18,1,3,0,0,V,0,0,0,0,N,0,,,,,
2,He,helium,,2,2,18,1,4,0,0,H,0,0,0,0,N,0,,,- 4,| 9,- 13
2,He,helium,,2,2,18,1,5,0,0,H,0,0,0,0,N,0,,- 18,| 2,- 16,
2,He,helium,,2,2,18,1,6,0,0,V,0,0,0,0,N,0,- 10,| 6,- 1,| 7,- 12
2,He,helium,,2,2,18,1,7,0,0,V,0,0,0,0,N,0,,- 17,| 3,- 19,
2,He,helium,,2,2,18,1,8,0,0,V,0,0,0,0,N,0,- 11,| 8,- 5,,
2,He,helium,,2,2,18,1,9,0,0,V,0,0,0,0,N,0,,,,,
2,He,helium,,2,2,18,1,10,0,0,H,0,0,0,0,N,0,,,| 15,,
2,He,helium,,2,2,18,1,11,0,0,H,0,0,0,0,N,0,,,,,
2,He,helium,,2,2,18,1,12,0,0,H,0,0,0,0,N,0,,,,,
2,He,helium,,2,2,18,1,13,0,0,H,0,0,0,0,N,0,,,,,
2,He,helium,,2,2,18,1,14,0,0,V,0,0,0,0,N,0,,,,,
2,He,helium,,2,2,18,1,15,0,0,V,0,0,0,0,N,0,,,,,
2,He,helium,,2,2,18,1,16,0,0,H,0,0,0,0,N,0,,,,,
2,He,helium,,2,2,18,1,17,0,0,H,0,0,0,0,N,0,,,,,
2,He,helium,,2,2,18,1,18,0,0,H,0,0,0,0,N,0,,,,,
2,He,helium,,2,2,18,1,19,0,0,H,0,0,0,0,N,0,,,,,
3,Li,lithium,[He],3,4,1,2,1,0,0,H,2,0,0,0,N,2,,,,,
3,Li,lithium,[He],3,4,1,2,2,0,0,V,1,0,0,0,N,1,,,| 14,,
3,Li,lithium,[He],3,4,1,2,3,0,0,V,0,0,0,0,N,0,,,,,
3,Li,lithium,[He],3,4,1,2,4,0,0,H,0,0,0,0,N,0,,,- 4,| 9,- 13
3,Li,lithium,[He],3,4,1,2,5,0,0,H,0,0,0,0,N,0,,- 18,| 2,- 16,
3,Li,lithium,[He],3,4,1,2,6,0,0,V,0,0,0,0,N,0,- 10,| 6,- 1,| 7,- 12
3,Li,lithium,[He],3,4,1,2,7,0,0,V,0,0,0,0,N,0,,- 17,| 3,- 19,
3,Li,lithium,[He],3,4,1,2,8,0,0,V,0,0,0,0,N,0,- 11,| 8,- 5,,
3,Li,lithium,[He],3,4,1,2,9,0,0,V,0,0,0,0,N,0,,,,,
3,Li,lithium,[He],3,4,1,2,10,0,0,H,0,0,0,0,N,0,,,| 15,,
3,Li,lithium,[He],3,4,1,2,11,0,0,H,0,0,0,0,N,0,,,,,
3,Li,lithium,[He],3,4,1,2,12,0,0,H,0,0,0,0,N,0,,,,,
3,Li,lithium,[He],3,4,1,2,13,0,0,H,0,0,0,0,N,0,,,,,
3,Li,lithium,[He],3,4,1,2,14,0,0,V,0,0,0,0,N,0,,,,,
3,Li,lithium,[He],3,4,1,2,15,0,0,V,0,0,0,0,N,0,,,,,
3,Li,lithium,[He],3,4,1,2,16,0,0,H,0,0,0,0,N,0,,,,,
3,Li,lithium,[He],3,4,1,2,17,0,0,H,0,0,0,0,N,0,,,,,
3,Li,lithium,[He],3,4,1,2,18,0,0,H,0,0,0,0,N,0,,,,,
3,Li,lithium,[He],3,4,1,2,19,0,0,H,0,0,0,0,N,0,,,,,
4,Be,beryllium,[He],4,5,2,2,1,0,0,H,1,0,0,0,Y,1,,,,,
4,Be,beryllium,[He],4,5,2,2,2,0,0,V,0,0,0,0,N,0,,,| 14,,
4,Be,beryllium,[He],4,5,2,2,3,0,0,V,0,0,0,0,N,0,,,,,
4,Be,beryllium,[He],4,5,2,2,4,0,0,H,1,0,0,0,Y,1,,,- 4,| 9,- 13
4,Be,beryllium,[He],4,5,2,2,5,0,0,H,1,0,0,0,Y,1,,- 18,| 2,- 16,
4,Be,beryllium,[He],4,5,2,2,6,0,0,V,0,0,0,0,N,0,- 10,| 6,- 1,| 7,- 12
4,Be,beryllium,[He],4,5,2,2,7,0,0,V,0,0,0,0,N,0,,- 17,| 3,- 19,
4,Be,beryllium,[He],4,5,2,2,8,0,0,V,0,0,0,0,N,0,- 11,| 8,- 5,,
4,Be,beryllium,[He],4,5,2,2,9,0,0,V,0,0,0,0,N,0,,,- 5,,
4,Be,beryllium,[He],4,5,2,2,10,0,0,H,0,0,0,0,N,0,,,| 15,,
4,Be,beryllium,[He],4,5,2,2,11,0,0,H,0,0,0,0,N,0,,,,,
4,Be,beryllium,[He],4,5,2,2,12,0,0,H,0,0,0,0,N,0,,,,,
4,Be,beryllium,[He],4,5,2,2,13,0,0,H,0,0,0,0,N,0,,,,,
4,Be,beryllium,[He],4,5,2,2,14,0,0,V,0,0,0,0,N,0,,,,,
4,Be,beryllium,[He],4,5,2,2,15,0,0,V,0,0,0,0,N,0,,,,,
4,Be,beryllium,[He],4,5,2,2,16,0,0,H,0,0,0,0,N,0,,,,,
4,Be,beryllium,[He],4,5,2,2,17,0,0,H,0,0,0,0,N,0,,,,,
4,Be,beryllium,[He],4,5,2,2,18,0,0,H,0,0,0,0,N,0,,,,,
4,Be,beryllium,[He],4,5,2,2,19,0,0,H,0,0,0,0,N,0,,,,,
5,B,boron,[He],5,6,13,2,1,0,0,H,2,0,0,0,Y,2,,,,,
5,B,boron,[He],5,6,13,2,2,0,0,V,1,0,0,0,Y,1,,,| 14,,
5,B,boron,[He],5,6,13,2,3,0,0,V,1,0,0,0,Y,1,,,,,
5,B,boron,[He],5,6,13,2,4,0,0,H,0,0,0,0,N,0,,,- 4,| 9,- 13
5,B,boron,[He],5,6,13,2,5,0,0,H,0,0,0,0,N,0,,- 18,| 2,- 16,
5,B,boron,[He],5,6,13,2,6,0,0,V,0,0,0,0,N,0,- 10,| 6,- 1,| 7,- 12
5,B,boron,[He],5,6,13,2,7,0,0,V,0,0,0,0,N,0,,- 17,|| 3,- 19,
5,B,boron,[He],5,6,13,2,8,0,0,V,0,0,0,0,N,0,- 11,| 8,- 5,,
5,B,boron,[He],5,6,13,2,9,0,0,V,0,0,0,0,N,0,,,,,
5,B,boron,[He],5,6,13,2,10,0,0,H,0,0,0,0,N,0,,,| 15,,
5,B,boron,[He],5,6,13,2,11,0,0,H,0,0,0,0,N,0,,,,,
5,B,boron,[He],5,6,13,2,12,0,0,H,0,0,0,0,N,0,,,,,
5,B,boron,[He],5,6,13,2,13,0,0,H,0,0,0,0,N,0,,,,,
5,B,boron,[He],5,6,13,2,14,0,0,V,0,0,0,0,N,0,,,,,
5,B,boron,[He],5,6,13,2,15,0,0,V,0,0,0,0,N,0,,,,,
5,B,boron,[He],5,6,13,2,16,0,0,H,0,0,0,0,N,0,,,,,
5,B,boron,[He],5,6,13,2,17,0,0,H,0,0,0,0,N,0,,,,,
5,B,boron,[He],5,6,13,2,18,0,0,H,0,0,0,0,N,0,,,,,
5,B,boron,[He],5,6,13,2,19,0,0,H,0,0,0,0,N,0,,,,,
6,C,cabon,[He],6,6,14,2,1,0,0,H,2,0,0,0,N,2,,,,,
6,C,cabon,[He],6,6,14,2,2,0,0,V,1,0,0,0,Y,1,,,| 14,,
6,C,cabon,[He],6,6,14,2,3,0,0,V,1,0,0,0,Y,1,,,,,
6,C,cabon,[He],6,6,14,2,4,0,0,H,0,0,0,0,N,0,,,- 4,| 9,- 13
6,C,cabon,[He],6,6,14,2,5,0,0,H,0,0,0,0,N,0,,- 18,| 2,- 16,
6,C,cabon,[He],6,6,14,2,6,0,0,V,0,0,0,0,Y,0,- 10,| 6,1,| 7,- 12
6,C,cabon,[He],6,6,14,2,7,0,0,V,0,0,0,0,Y,0,,- 17,| 3,- 19,
6,C,cabon,[He],6,6,14,2,8,0,0,V,0,0,0,0,N,0,- 11,| 8,- 5,,
6,C,cabon,[He],6,6,14,2,9,0,0,V,0,0,0,0,N,0,,,,,
6,C,cabon,[He],6,6,14,2,10,0,0,H,0,0,0,0,N,0,,,| 15,,
6,C,cabon,[He],6,6,14,2,11,0,0,H,0,0,0,0,N,0,,,,,
6,C,cabon,[He],6,6,14,2,12,0,0,H,0,0,0,0,N,0,,,,,
6,C,cabon,[He],6,6,14,2,13,0,0,H,0,0,0,0,N,0,,,,,
6,C,cabon,[He],6,6,14,2,14,0,0,V,0,0,0,0,N,0,,,,,
6,C,cabon,[He],6,6,14,2,15,0,0,V,0,0,0,0,N,0,,,,,
6,C,cabon,[He],6,6,14,2,16,0,0,H,0,0,0,0,N,0,,,,,
6,C,cabon,[He],6,6,14,2,17,0,0,H,0,0,0,0,N,0,,,,,
6,C,cabon,[He],6,6,14,2,18,0,0,H,0,0,0,0,N,0,,,,,
6,C,cabon,[He],6,6,14,2,19,0,0,H,0,0,0,0,N,0,,,,,
7,N,nitrogen,[He],7,7,15,2,1,0,0,H,2,0,0,0,Y,2,,,,,
7,N,nitrogen,[He],7,7,15,2,2,0,0,V,1,0,0,0,Y,1,,,| 14,,
7,N,nitrogen,[He],7,7,15,2,3,0,0,V,0,0,0,0,N,0,,,,,
7,N,nitrogen,[He],7,7,15,2,4,0,0,H,0,0,0,0,N,0,,,- 4,| 9,- 13
7,N,nitrogen,[He],7,7,15,2,5,0,0,H,0,0,0,0,N,0,,- 18,| 2,- 16,
7,N,nitrogen,[He],7,7,15,2,6,0,0,V,0,0,0,0,N,0,- 10,| 6,E 1,| 7,- 12
7,N,nitrogen,[He],7,7,15,2,7,0,0,V,0,0,0,0,N,0,,- 17,| 3,- 19,
7,N,nitrogen,[He],7,7,15,2,8,0,0,V,0,0,0,0,N,0,- 11,| 8,- 5,,
7,N,nitrogen,[He],7,7,15,2,9,0,0,V,0,0,0,0,N,0,,,,,
7,N,nitrogen,[He],7,7,15,2,10,0,0,H,0,0,0,0,N,0,,,| 15,,
7,N,nitrogen,[He],7,7,15,2,11,0,0,H,0,0,0,0,N,0,,,,,
7,N,nitrogen,[He],7,7,15,2,12,0,0,H,0,0,0,0,N,0,,,,,
7,N,nitrogen,[He],7,7,15,2,13,0,0,H,0,0,0,0,N,0,,,,,
7,N,nitrogen,[He],7,7,15,2,14,0,0,V,0,0,0,0,N,0,,,,,
7,N,nitrogen,[He],7,7,15,2,15,0,0,V,0,0,0,0,N,0,,,,,
7,N,nitrogen,[He],7,7,15,2,16,0,0,H,0,0,0,0,N,0,,,,,
7,N,nitrogen,[He],7,7,15,2,17,0,0,H,0,0,0,0,N,0,,,,,
7,N,nitrogen,[He],7,7,15,2,18,0,0,H,0,0,0,0,N,0,,,,,
7,N,nitrogen,[He],7,7,15,2,19,0,0,H,0,0,0,0,N,0,,,,,
8,O,oxygen,[He],8,8,16,2,1,0,0,H,2,0,0,0,,2,,,,,
8,O,oxygen,[He],8,8,16,2,2,0,0,V,1,0,0,0,N,1,,,| 14,,
8,O,oxygen,[He],8,8,16,2,3,0,0,V,1,0,0,0,N,1,,,,,
8,O,oxygen,[He],8,8,16,2,4,0,0,H,0,0,0,0,N,0,,,- 4,| 9,- 13
8,O,oxygen,[He],8,8,16,2,5,0,0,H,0,0,0,0,N,0,,- 18,| 2,- 16,
8,O,oxygen,[He],8,8,16,2,6,0,0,V,0,0,0,0,N,0,- 10,| 6,E 1,| 7,- 12
8,O,oxygen,[He],8,8,16,2,7,0,0,V,0,0,0,0,N,0,,- 17,| 3,- 19,
8,O,oxygen,[He],8,8,16,2,8,0,0,V,0,0,0,0,N,0,- 11,| 8,- 5,,
8,O,oxygen,[He],8,8,16,2,9,0,0,V,0,0,0,0,N,0,,,,,
8,O,oxygen,[He],8,8,16,2,10,0,0,H,0,0,0,0,N,0,,,| 15,,
8,O,oxygen,[He],8,8,16,2,11,0,0,H,0,0,0,0,N,0,,,,,
8,O,oxygen,[He],8,8,16,2,12,0,0,H,0,0,0,0,N,0,,,,,
8,O,oxygen,[He],8,8,16,2,13,0,0,H,0,0,0,0,N,0,,,,,
8,O,oxygen,[He],8,8,16,2,14,0,0,V,0,0,0,0,Y,0,,,,,
8,O,oxygen,[He],8,8,16,2,15,0,0,V,0,0,0,0,Y,0,,,,,
8,O,oxygen,[He],8,8,16,2,16,0,0,H,0,0,0,0,N,0,,,,,
8,O,oxygen,[He],8,8,16,2,17,0,0,H,0,0,0,0,N,0,,,,,
8,O,oxygen,[He],8,8,16,2,18,0,0,H,0,0,0,0,N,0,,,,,
8,O,oxygen,[He],8,8,16,2,19,0,0,H,0,0,0,0,N,0,,,,,
9,F,fluorine,[He],9,10,17,2,1,0,0,H,6,0,0,0,,6,,,,,
9,F,fluorine,[He],9,10,17,2,2,0,0,V,1,0,0,0,N,1,,,| 14,,
9,F,fluorine,[He],9,10,17,2,3,0,0,V,2,0,0,0,N,2,,,,,
9,F,fluorine,[He],9,10,17,2,4,0,0,H,0,0,0,0,N,0,,,- 4,| 9,- 13
9,F,fluorine,[He],9,10,17,2,5,0,0,H,0,0,0,0,N,0,,- 18,| 2,- 16,
9,F,fluorine,[He],9,10,17,2,6,0,0,V,0,0,0,0,N,0,- 10,| 6,E 1,| 7,- 12
9,F,fluorine,[He],9,10,17,2,7,0,0,V,0,0,0,0,N,0,,- 17,|| 3,- 19,
9,F,fluorine,[He],9,10,17,2,8,0,0,V,0,0,0,0,N,0,- 11,| 8,- 5,,
9,F,fluorine,[He],9,10,17,2,9,0,0,V,0,0,0,0,N,0,,,,,
9,F,fluorine,[He],9,10,17,2,10,0,0,H,0,0,0,0,N,0,,,| 15,,
9,F,fluorine,[He],9,10,17,2,11,0,0,H,0,0,0,0,N,0,,,,,
9,F,fluorine,[He],9,10,17,2,12,0,0,H,0,0,0,0,N,0,,,,,
9,F,fluorine,[He],9,10,17,2,13,0,0,H,0,0,0,0,N,0,,,,,
9,F,fluorine,[He],9,10,17,2,14,0,0,V,1,0,0,0,Y,1,,,,,
9,F,fluorine,[He],9,10,17,2,15,0,0,V,1,0,0,0,Y,1,,,,,
9,F,fluorine,[He],9,10,17,2,16,0,0,H,0,0,0,0,N,0,,,,,
9,F,fluorine,[He],9,10,17,2,17,0,0,H,0,0,0,0,N,0,,,,,
9,F,fluorine,[He],9,10,17,2,18,0,0,H,0,0,0,0,N,0,,,,,
9,F,fluorine,[He],9,10,17,2,19,0,0,H,0,0,0,0,N,0,,,,,
10,Ne,neon,[He],10,10,18,2,1,0,0,H,2,0,0,0,N,2,,,,,
10,Ne,neon,[He],10,10,18,2,2,0,0,V,2,0,0,0,N,2,,,| 14,,
10,Ne,neon,[He],10,10,18,2,3,0,0,V,2,0,0,0,N,2,,,,,
10,Ne,neon,[He],10,10,18,2,4,0,0,H,2,0,0,0,N,2,,,- 4,| 9,- 13
10,Ne,neon,[He],10,10,18,2,5,0,0,H,2,0,0,0,N,2,,- 18,| 2,- 16,
10,Ne,neon,[He],10,10,18,2,6,0,0,V,0,0,0,0,N,0,- 10,| 6,- 1,| 7,- 12
10,Ne,neon,[He],10,10,18,2,7,0,0,V,0,0,0,0,N,0,,- 17,| 3,- 19,
10,Ne,neon,[He],10,10,18,2,8,0,0,V,0,0,0,0,N,0,- 11,| 8,- 5,,
10,Ne,neon,[He],10,10,18,2,9,0,0,V,0,0,0,0,N,0,,,,,
10,Ne,neon,[He],10,10,18,2,10,0,0,H,0,0,0,0,N,0,,,| 15,,
10,Ne,neon,[He],10,10,18,2,11,0,0,H,0,0,0,0,N,0,,,,,
10,Ne,neon,[He],10,10,18,2,12,0,0,H,0,0,0,0,N,0,,,,,
10,Ne,neon,[He],10,10,18,2,13,0,0,H,0,0,0,0,N,0,,,,,
10,Ne,neon,[He],10,10,18,2,14,0,0,V,0,0,0,0,N,0,,,,,
10,Ne,neon,[He],10,10,18,2,15,0,0,V,0,0,0,0,N,0,,,,,
10,Ne,neon,[He],10,10,18,2,16,0,0,H,0,0,0,0,N,0,,,,,
10,Ne,neon,[He],10,10,18,2,17,0,0,H,0,0,0,0,N,0,,,,,
10,Ne,neon,[He],10,10,18,2,18,0,0,H,0,0,0,0,N,0,,,,,
10,Ne,neon,[He],10,10,18,2,19,0,0,H,0,0,0,0,N,0,,,,,
11,Na,sodium,[Ne],11,12,1,3,1,0,0,H,2,0,0,0,N,2,,,,,
11,Na,sodium,[Ne],11,12,1,3,2,0,0,V,2,0,0,0,N,2,,,| 14,,
11,Na,sodium,[Ne],11,12,1,3,3,0,0,V,2,0,0,0,N,2,,,,,
11,Na,sodium,[Ne],11,12,1,3,4,0,0,H,2,0,0,0,N,2,,,- 4,| 9,- 13
11,Na,sodium,[Ne],11,12,1,3,5,0,0,H,2,0,0,0,N,2,,- 18,| 2,- 16,
11,Na,sodium,[Ne],11,12,1,3,6,0,0,V,1,0,0,0,Y,1,- 10,| 6,- 1,| 7,- 12
11,Na,sodium,[Ne],11,12,1,3,7,0,0,V,0,0,0,0,N,0,,- 17,| 3,- 19,
11,Na,sodium,[Ne],11,12,1,3,8,0,0,V,0,0,0,0,N,0,- 11,| 8,- 5,,
11,Na,sodium,[Ne],11,12,1,3,9,0,0,V,0,0,0,0,N,0,,,,,
11,Na,sodium,[Ne],11,12,1,3,10,0,0,H,0,0,0,0,N,0,,,| 15,,
11,Na,sodium,[Ne],11,12,1,3,11,0,0,H,0,0,0,0,N,0,,,,,
11,Na,sodium,[Ne],11,12,1,3,12,0,0,H,0,0,0,0,N,0,,,,,
11,Na,sodium,[Ne],11,12,1,3,13,0,0,H,0,0,0,0,N,0,,,,,
11,Na,sodium,[Ne],11,12,1,3,14,0,0,V,0,0,0,0,N,0,,,,,
11,Na,sodium,[Ne],11,12,1,3,15,0,0,V,0,0,0,0,N,0,,,,,
11,Na,sodium,[Ne],11,12,1,3,16,0,0,H,0,0,0,0,N,0,,,,,
11,Na,sodium,[Ne],11,12,1,3,17,0,0,H,0,0,0,0,N,0,,,,,
11,Na,sodium,[Ne],11,12,1,3,18,0,0,H,0,0,0,0,N,0,,,,,
11,Na,sodium,[Ne],11,12,1,3,19,0,0,H,0,0,0,0,N,0,,,,,
12,Mg,magnesium,[Ne],12,12,2,3,1,0,0,H,2,0,0,0,N,2,,,,,
12,Mg,magnesium,[Ne],12,12,2,3,2,0,0,V,2,0,0,0,N,2,,,| 14,,
12,Mg,magnesium,[Ne],12,12,2,3,3,0,0,V,2,0,0,0,N,2,,,,,
12,Mg,magnesium,[Ne],12,12,2,3,4,0,0,H,2,0,0,0,N,2,,,- 4,| 9,- 13
12,Mg,magnesium,[Ne],12,12,2,3,5,0,0,H,2,0,0,0,N,2,,- 18,| 2,- 16,
12,Mg,magnesium,[Ne],12,12,2,3,6,0,0,V,0,0,0,0,N,0,- 10,| 6,- 1,| 7,- 12
12,Mg,magnesium,[Ne],12,12,2,3,7,0,0,V,0,0,0,0,N,0,,- 17,| 3,- 19,
12,Mg,magnesium,[Ne],12,12,2,3,8,0,0,V,0,0,0,0,N,0,- 11,| 8,- 5,,
12,Mg,magnesium,[Ne],12,12,2,3,9,0,0,V,0,0,0,0,N,0,,,,,
12,Mg,magnesium,[Ne],12,12,2,3,10,0,0,H,0,0,0,0,N,0,,,| 15,,
12,Mg,magnesium,[Ne],12,12,2,3,11,0,0,H,0,0,0,0,N,0,,,,,
12,Mg,magnesium,[Ne],12,12,2,3,12,0,0,H,0,0,0,0,N,0,,,,,
12,Mg,magnesium,[Ne],12,12,2,3,13,0,0,H,0,0,0,0,N,0,,,,,
12,Mg,magnesium,[Ne],12,12,2,3,14,0,0,V,1,0,0,0,Y,1,,,,,
12,Mg,magnesium,[Ne],12,12,2,3,15,0,0,V,1,0,0,0,Y,1,,,,,
12,Mg,magnesium,[Ne],12,12,2,3,16,0,0,H,0,0,0,0,N,0,,,,,
12,Mg,magnesium,[Ne],12,12,2,3,17,0,0,H,0,0,0,0,N,0,,,,,
12,Mg,magnesium,[Ne],12,12,2,3,18,0,0,H,0,0,0,0,N,0,,,,,
12,Mg,magnesium,[Ne],12,12,2,3,19,0,0,H,0,0,0,0,N,0,,,,,
13,Al,aluminium,[Ne],13,14,13,3,1,0,0,H,2,0,0,0,N,2,,,,,
13,Al,aluminium,[Ne],13,14,13,3,2,0,0,V,2,0,0,0,N,2,,,| 14,,
13,Al,aluminium,[Ne],13,14,13,3,3,0,0,V,2,0,0,0,N,2,,,,,
13,Al,aluminium,[Ne],13,14,13,3,4,0,0,H,2,0,0,0,N,2,,,- 4,| 9,- 13
13,Al,aluminium,[Ne],13,14,13,3,5,0,0,H,2,0,0,0,N,2,,- 18,| 2,- 16,
13,Al,aluminium,[Ne],13,14,13,3,6,0,0,V,1,0,0,0,Y,1,- 10,| 6,- 1,| 7,- 12
13,Al,aluminium,[Ne],13,14,13,3,7,0,0,V,1,0,0,0,Y,1,,- 17,| 3,- 19,
13,Al,aluminium,[Ne],13,14,13,3,8,0,0,V,0,0,0,0,N,0,- 11,| 8,- 5,,
13,Al,aluminium,[Ne],13,14,13,3,9,0,0,V,0,0,0,0,N,0,,,,,
13,Al,aluminium,[Ne],13,14,13,3,10,0,0,H,0,0,0,0,N,0,,,| 15,,
13,Al,aluminium,[Ne],13,14,13,3,11,0,0,H,0,0,0,0,N,0,,,,,
13,Al,aluminium,[Ne],13,14,13,3,12,0,0,H,0,0,0,0,N,0,,,,,
13,Al,aluminium,[Ne],13,14,13,3,13,0,0,H,0,0,0,0,N,0,,,,,
13,Al,aluminium,[Ne],13,14,13,3,14,0,0,V,1,0,0,0,Y,1,,,,,
13,Al,aluminium,[Ne],13,14,13,3,15,0,0,V,0,0,0,0,N,0,,,,,
13,Al,aluminium,[Ne],13,14,13,3,16,0,0,H,0,0,0,0,N,0,,,,,
13,Al,aluminium,[Ne],13,14,13,3,17,0,0,H,0,0,0,0,N,0,,,,,
13,Al,aluminium,[Ne],13,14,13,3,18,0,0,H,0,0,0,0,N,0,,,,,
13,Al,aluminium,[Ne],13,14,13,3,19,0,0,H,0,0,0,0,N,0,,,,,
14,Si,silicon,[Ne],14,14,14,3,1,0,0,H,2,0,0,0,N,2,,,,,
14,Si,silicon,[Ne],14,14,14,3,2,0,0,V,2,0,0,0,N,2,,,| 14,,
14,Si,silicon,[Ne],14,14,14,3,3,0,0,V,2,0,0,0,N,2,,,,,
14,Si,silicon,[Ne],14,14,14,3,4,0,0,H,0,0,0,0,N,0,,,- 4,| 9,- 13
14,Si,silicon,[Ne],14,14,14,3,5,0,0,H,0,0,0,0,N,0,,- 18,| 2,- 16,
14,Si,silicon,[Ne],14,14,14,3,6,0,0,V,2,0,0,0,N,2,- 10,| 6,- 1,| 7,- 12
14,Si,silicon,[Ne],14,14,14,3,7,0,0,V,2,0,0,0,N,2,,- 17,| 3,- 19,
14,Si,silicon,[Ne],14,14,14,3,8,0,0,V,2,0,0,0,N,2,- 11,| 8,- 5,,
14,Si,silicon,[Ne],14,14,14,3,9,0,0,V,2,0,0,0,N,2,,,,,
14,Si,silicon,[Ne],14,14,14,3,10,0,0,H,0,0,0,0,N,0,,,| 15,,
14,Si,silicon,[Ne],14,14,14,3,11,0,0,H,0,0,0,0,N,0,,,,,
14,Si,silicon,[Ne],14,14,14,3,12,0,0,H,0,0,0,0,N,0,,,,,
14,Si,silicon,[Ne],14,14,14,3,13,0,0,H,0,0,0,0,N,0,,,,,
14,Si,silicon,[Ne],14,14,14,3,14,0,0,V,0,0,0,0,N,0,,,,,
14,Si,silicon,[Ne],14,14,14,3,15,0,0,V,0,0,0,0,N,0,,,,,
14,Si,silicon,[Ne],14,14,14,3,16,0,0,H,0,0,0,0,N,0,,,,,
14,Si,silicon,[Ne],14,14,14,3,17,0,0,H,0,0,0,0,N,0,,,,,
14,Si,silicon,[Ne],14,14,14,3,18,0,0,H,0,0,0,0,N,0,,,,,
14,Si,silicon,[Ne],14,14,14,3,19,0,0,H,0,0,0,0,N,0,,,,,
15,P,phosphorus,[Ne],15,16,15,3,1,0,0,H,2,0,0,0,N,2,,,,,
15,P,phosphorus,[Ne],15,16,15,3,2,0,0,V,2,0,0,0,N,2,,,| 14,,
15,P,phosphorus,[Ne],15,16,15,3,3,0,0,V,2,0,0,0,N,2,,,,,
15,P,phosphorus,[Ne],15,16,15,3,4,0,0,H,2,0,0,0,Y,2,,,- 4,| 9,- 13
15,P,phosphorus,[Ne],15,16,15,3,5,0,0,H,2,0,0,0,N,2,,- 18,| 2,-16,
15,P,phosphorus,[Ne],15,16,15,3,6,0,0,V,1,0,0,0,N,1,- 10,| 6,- 1,| 7,- 12
15,P,phosphorus,[Ne],15,16,15,3,7,0,0,V,1,0,0,0,N,1,,- 17,| 3,-19,
15,P,phosphorus,[Ne],15,16,15,3,8,0,0,V,1,0,0,0,N,1,- 11,| 8,- 5,,
15,P,phosphorus,[Ne],15,16,15,3,9,0,0,V,1,0,0,0,N,1,,,,,
15,P,phosphorus,[Ne],15,16,15,3,10,0,0,H,0,0,0,0,N,0,,,| 15,,
15,P,phosphorus,[Ne],15,16,15,3,11,0,0,H,0,0,0,0,N,0,,,,,
15,P,phosphorus,[Ne],15,16,15,3,12,0,0,H,0,0,0,0,N,0,,,,,
15,P,phosphorus,[Ne],15,16,15,3,13,0,0,H,0,0,0,0,N,0,,,,,
15,P,phosphorus,[Ne],15,16,15,3,14,0,0,V,0,0,0,0,N,0,,,,,
15,P,phosphorus,[Ne],15,16,15,3,15,0,0,V,1,0,0,0,N,1,,,,,
15,P,phosphorus,[Ne],15,16,15,3,16,0,0,H,0,0,0,0,N,0,,,,,
15,P,phosphorus,[Ne],15,16,15,3,17,0,0,H,0,0,0,0,N,0,,,,,
15,P,phosphorus,[Ne],15,16,15,3,18,0,0,H,0,0,0,0,N,0,,,,,
15,P,phosphorus,[Ne],15,16,15,3,19,0,0,H,0,0,0,0,N,0,,,,,
16,S,sulfur,[Ne],16,16,16,3,1,0,0,H,2,0,0,0,N,2,,,,,
16,S,sulfur,[Ne],16,16,16,3,2,0,0,V,2,0,0,0,N,2,,,| 14,,
16,S,sulfur,[Ne],16,16,16,3,3,0,0,V,2,0,0,0,N,2,,,,,
16,S,sulfur,[Ne],16,16,16,3,4,0,0,H,1,0,0,0,Y,1,,,- 4,| 9,- 13
16,S,sulfur,[Ne],16,16,16,3,5,0,0,H,1,0,0,0,Y,1,,- 18,| 2,- 16,
16,S,sulfur,[Ne],16,16,16,3,6,0,0,V,2,0,0,0,N,2,- 10,| 6,- 1,| 7,- 12
16,S,sulfur,[Ne],16,16,16,3,7,0,0,V,2,0,0,0,N,2,,- 17,| 3,- 19,
16,S,sulfur,[Ne],16,16,16,3,8,0,0,V,2,0,0,0,N,2,- 11,| 8,- 5,,
16,S,sulfur,[Ne],16,16,16,3,9,0,0,V,2,0,0,0,N,2,,,,,
16,S,sulfur,[Ne],16,16,16,3,10,0,0,H,0,0,0,0,N,0,,,| 15,,
16,S,sulfur,[Ne],16,16,16,3,11,0,0,H,0,0,0,0,N,0,,,,,
16,S,sulfur,[Ne],16,16,16,3,12,0,0,H,0,0,0,0,N,0,,,,,
16,S,sulfur,[Ne],16,16,16,3,13,0,0,H,0,0,0,0,N,0,,,,,
16,S,sulfur,[Ne],16,16,16,3,14,0,0,V,0,0,0,0,N,0,,,,,
16,S,sulfur,[Ne],16,16,16,3,15,0,0,V,0,0,0,0,N,0,,,,,
16,S,sulfur,[Ne],16,16,16,3,16,0,0,H,0,0,0,0,N,0,,,,,
16,S,sulfur,[Ne],16,16,16,3,17,0,0,H,0,0,0,0,N,0,,,,,
16,S,sulfur,[Ne],16,16,16,3,18,0,0,H,0,0,0,0,N,0,,,,,
16,S,sulfur,[Ne],16,16,16,3,19,0,0,H,0,0,0,0,N,0,,,,,
17,Cl,chlorine,[Ne],17,18,17,3,1,0,0,H,2,0,0,0,N,2,,,,,
17,Cl,chlorine,[Ne],17,18,17,3,2,0,0,V,2,0,0,0,N,2,,,| 14,,
17,Cl,chlorine,[Ne],17,18,17,3,3,0,0,V,2,0,0,0,N,2,,,,,
17,Cl,chlorine,[Ne],17,18,17,3,4,0,0,H,2,0,0,0,N,2,,,- 4,| 9,- 13
17,Cl,chlorine,[Ne],17,18,17,3,5,0,0,H,2,0,0,0,Y,2,,- 18,| 2,- 16,
17,Cl,chlorine,[Ne],17,18,17,3,6,0,0,V,2,0,0,0,N,2,- 10,| 6,- 1,| 7,- 12
17,Cl,chlorine,[Ne],17,18,17,3,7,0,0,V,2,0,0,0,N,2,,- 17,| 3,- 19,
17,Cl,chlorine,[Ne],17,18,17,3,8,0,0,V,0,0,0,0,N,0,- 11,| 8,- 5,,
17,Cl,chlorine,[Ne],17,18,17,3,9,0,0,V,0,0,0,0,N,0,,,,,
17,Cl,chlorine,[Ne],17,18,17,3,10,0,0,H,0,0,0,0,N,0,,,| 15,,
17,Cl,chlorine,[Ne],17,18,17,3,11,0,0,H,0,0,0,0,N,0,,,,,
17,Cl,chlorine,[Ne],17,18,17,3,12,0,0,H,0,0,0,0,N,0,,,,,
17,Cl,chlorine,[Ne],17,18,17,3,13,0,0,H,0,0,0,0,N,0,,,,,
17,Cl,chlorine,[Ne],17,18,17,3,14,0,0,V,2,0,0,0,N,2,,,,,
17,Cl,chlorine,[Ne],17,18,17,3,15,0,0,V,1,0,0,0,N,1,,,,,
17,Cl,chlorine,[Ne],17,18,17,3,16,0,0,H,0,0,0,0,N,0,,,,,
17,Cl,chlorine,[Ne],17,18,17,3,17,0,0,H,0,0,0,0,N,0,,,,,
17,Cl,chlorine,[Ne],17,18,17,3,18,0,0,H,0,0,0,0,N,0,,,,,
17,Cl,chlorine,[Ne],17,18,17,3,19,0,0,H,0,0,0,0,N,0,,,,,
18,Ar,argon,[Ne],18,22,18,3,1,0,0,H,2,0,0,0,N,2,,,,,
18,Ar,argon,[Ne],18,22,18,3,2,0,0,V,2,0,0,0,N,2,,,| 14,,
18,Ar,argon,[Ne],18,22,18,3,3,0,0,V,2,0,0,0,N,2,,,,,
18,Ar,argon,[Ne],18,22,18,3,4,0,0,H,2,0,0,0,N,2,,,- 4,| 9,- 13
18,Ar,argon,[Ne],18,22,18,3,5,0,0,H,2,0,0,0,N,2,,- 18,| 2,- 16,
18,Ar,argon,[Ne],18,22,18,3,6,0,0,V,2,0,0,0,N,2,- 10,| 6,- 1,| 7,- 12
18,Ar,argon,[Ne],18,22,18,3,7,0,0,V,2,0,0,0,N,2,,- 17,| 3,- 19,
18,Ar,argon,[Ne],18,22,18,3,8,0,0,V,2,0,0,0,N,2,- 11,| 8,- 5,,
18,Ar,argon,[Ne],18,22,18,3,9,0,0,V,2,0,0,0,N,2,,,,,
18,Ar,argon,[Ne],18,22,18,3,10,0,0,H,0,0,0,0,N,0,,,| 15,,
18,Ar,argon,[Ne],18,22,18,3,11,0,0,H,0,0,0,0,N,0,,,,,
18,Ar,argon,[Ne],18,22,18,3,12,0,0,H,0,0,0,0,N,0,,,,,
18,Ar,argon,[Ne],18,22,18,3,13,0,0,H,0,0,0,0,N,0,,,,,
18,Ar,argon,[Ne],18,22,18,3,14,0,0,V,0,0,0,0,N,0,,,,,
18,Ar,argon,[Ne],18,22,18,3,15,0,0,V,0,0,0,0,N,0,,,,,
18,Ar,argon,[Ne],18,22,18,3,16,0,0,H,0,0,0,0,N,0,,,,,
18,Ar,argon,[Ne],18,22,18,3,17,0,0,H,0,0,0,0,N,0,,,,,
18,Ar,argon,[Ne],18,22,18,3,18,0,0,H,0,0,0,0,N,0,,,,,
18,Ar,argon,[Ne],18,22,18,3,19,0,0,H,0,0,0,0,N,0,,,,,
19,K,potassium,[Ar],19,20,1,4,1,0,0,H,2,0,0,0,N,2,,,,,
19,K,potassium,[Ar],19,20,1,4,2,0,0,V,2,0,0,0,N,2,,,| 14,,
19,K,potassium,[Ar],19,20,1,4,3,0,0,V,2,0,0,0,N,2,,,,,
19,K,potassium,[Ar],19,20,1,4,4,0,0,H,2,0,0,0,N,2,,,- 4,| 9,–13
19,K,potassium,[Ar],19,20,1,4,5,0,0,H,2,0,0,0,N,2,,- 18,| 2,- 16,
19,K,potassium,[Ar],19,20,1,4,6,0,0,V,2,0,0,0,N,2,–10,| 6,- 1,| 7,–12
19,K,potassium,[Ar],19,20,1,4,7,0,0,V,2,0,0,0,N,2,,- 17,| 3,-19,
19,K,potassium,[Ar],19,20,1,4,8,0,0,V,2,0,0,0,N,2,- 11,| 8,- 5,,
19,K,potassium,[Ar],19,20,1,4,9,0,0,V,2,0,0,0,N,2,,,,,
19,K,potassium,[Ar],19,20,1,4,10,0,0,H,0,0,0,0,N,0,,,| 15,,
19,K,potassium,[Ar],19,20,1,4,11,0,0,H,0,0,0,0,N,0,,,,,
19,K,potassium,[Ar],19,20,1,4,12,0,0,H,0,0,0,0,N,0,,,,,
19,K,potassium,[Ar],19,20,1,4,13,0,0,H,0,0,0,0,N,0,,,,,
19,K,potassium,[Ar],19,20,1,4,14,0,0,V,1,0,0,0,Y,1,,,,,
19,K,potassium,[Ar],19,20,1,4,15,0,0,V,0,0,0,0,N,0,,,,,
19,K,potassium,[Ar],19,20,1,4,16,0,0,H,0,0,0,0,N,0,,,,,
19,K,potassium,[Ar],19,20,1,4,17,0,0,H,0,0,0,0,N,0,,,,,
19,K,potassium,[Ar],19,20,1,4,18,0,0,H,0,0,0,0,N,0,,,,,
19,K,potassium,[Ar],19,20,1,4,19,0,0,H,0,0,0,0,N,0,,,,,
20,Ca,calcium,[Ar],20,20,2,4,1,0,0,H,2,0,0,0,N,2,,,,,
20,Ca,calcium,[Ar],20,20,2,4,2,0,0,V,2,0,0,0,N,2,,,| 14,,
20,Ca,calcium,[Ar],20,20,2,4,3,0,0,V,2,0,0,0,N,2,,,,,
20,Ca,calcium,[Ar],20,20,2,4,4,0,0,H,2,0,0,0,N,2,,,- 4,| 9,–13
20,Ca,calcium,[Ar],20,20,2,4,5,0,0,H,2,0,0,0,N,2,,- 18,| 2,- 16,
20,Ca,calcium,[Ar],20,20,2,4,6,0,0,V,2,0,0,0,N,2,–10,| 6,- 1,| 7,–12
20,Ca,calcium,[Ar],20,20,2,4,7,0,0,V,2,0,0,0,N,2,,- 17,| 3,-19,
20,Ca,calcium,[Ar],20,20,2,4,8,0,0,V,2,0,0,0,N,2,- 11,| 8,- 5,,
20,Ca,calcium,[Ar],20,20,2,4,9,0,0,V,2,0,0,0,N,2,,,,,
20,Ca,calcium,[Ar],20,20,2,4,10,0,0,H,0,0,0,0,N,0,,,| 15,,
20,Ca,calcium,[Ar],20,20,2,4,11,0,0,H,0,0,0,0,N,0,,,,,
20,Ca,calcium,[Ar],20,20,2,4,12,0,0,H,0,0,0,0,N,0,,,,,
20,Ca,calcium,[Ar],20,20,2,4,13,0,0,H,0,0,0,0,N,0,,,,,
20,Ca,calcium,[Ar],20,20,2,4,14,0,0,V,1,0,0,0,Y,1,,,,,
20,Ca,calcium,[Ar],20,20,2,4,15,0,0,V,1,0,0,0,Y,1,,,,,
20,Ca,calcium,[Ar],20,20,2,4,16,0,0,H,0,0,0,0,N,0,,,,,
20,Ca,calcium,[Ar],20,20,2,4,17,0,0,H,0,0,0,0,N,0,,,,,
20,Ca,calcium,[Ar],20,20,2,4,18,0,0,H,0,0,0,0,N,0,,,,,
20,Ca,calcium,[Ar],20,20,2,4,19,0,0,H,0,0,0,0,N,0,,,,,
21,Sc,scandium,[Ar],21,24,3,4,1,0,0,H,2,0,0,0,N,2,,,,,
21,Sc,scandium,[Ar],21,24,3,4,2,0,0,V,2,0,0,0,N,2,,,| 14,,
21,Sc,scandium,[Ar],21,24,3,4,3,0,0,V,2,0,0,0,N,2,,,,,
21,Sc,scandium,[Ar],21,24,3,4,4,0,0,H,2,0,0,0,N,2,,,- 4,| 9,–13
21,Sc,scandium,[Ar],21,24,3,4,5,0,0,H,2,0,0,0,N,2,,- 18,| 2,- 16,
21,Sc,scandium,[Ar],21,24,3,4,6,0,0,V,2,0,0,0,N,2,–10,| 6,- 1,| 7,–12
21,Sc,scandium,[Ar],21,24,3,4,7,0,0,V,2,0,0,0,N,2,,- 17,| 3,-19,
21,Sc,scandium,[Ar],21,24,3,4,8,0,0,V,2,0,0,0,N,2,- 11,| 8,- 5,,
21,Sc,scandium,[Ar],21,24,3,4,9,0,0,V,2,0,0,0,N,2,,,,,
21,Sc,scandium,[Ar],21,24,3,4,10,0,0,H,1,0,0,0,Y,1,,,| 15,,
21,Sc,scandium,[Ar],21,24,3,4,11,0,0,H,0,0,0,0,N,0,,,,,
21,Sc,scandium,[Ar],21,24,3,4,12,0,0,H,1,0,0,0,N,1,,,,,
21,Sc,scandium,[Ar],21,24,3,4,13,0,0,H,0,0,0,0,N,0,,,,,
21,Sc,scandium,[Ar],21,24,3,4,14,0,0,V,1,0,0,0,Y,1,,,,,
21,Sc,scandium,[Ar],21,24,3,4,15,0,0,V,0,0,0,0,N,0,,,,,
21,Sc,scandium,[Ar],21,24,3,4,16,0,0,H,0,0,0,0,N,0,,,,,
21,Sc,scandium,[Ar],21,24,3,4,17,0,0,H,0,0,0,0,N,0,,,,,
21,Sc,scandium,[Ar],21,24,3,4,18,0,0,H,0,0,0,0,N,0,,,,,
21,Sc,scandium,[Ar],21,24,3,4,19,0,0,H,0,0,0,0,N,0,,,,,
22,Ti,titanium,[Ar],22,26,4,4,1,0,0,H,2,0,0,0,N,2,,,,,
22,Ti,titanium,[Ar],22,26,4,4,2,0,0,V,2,0,0,0,N,2,,,| 14,,
22,Ti,titanium,[Ar],22,26,4,4,3,0,0,V,2,0,0,0,N,2,,,,,
22,Ti,titanium,[Ar],22,26,4,4,4,0,0,H,2,0,0,0,N,2,,,- 4,| 9,–13
22,Ti,titanium,[Ar],22,26,4,4,5,0,0,H,2,0,0,0,N,2,,- 18,| 2,- 16,
22,Ti,titanium,[Ar],22,26,4,4,6,0,0,V,2,0,0,0,N,2,–10,| 6,- 1,| 7,–12
22,Ti,titanium,[Ar],22,26,4,4,7,0,0,V,2,0,0,0,N,2,,- 17,| 3,-19,
22,Ti,titanium,[Ar],22,26,4,4,8,0,0,V,2,0,0,0,N,2,- 11,| 8,- 5,,
22,Ti,titanium,[Ar],22,26,4,4,9,0,0,V,2,0,0,0,N,2,,,,,
22,Ti,titanium,[Ar],22,26,4,4,10,0,0,H,1,0,0,0,Y,1,,,| 15,,
22,Ti,titanium,[Ar],22,26,4,4,11,0,0,H,1,0,0,0,Y,1,,,,,
22,Ti,titanium,[Ar],22,26,4,4,12,0,0,H,1,0,0,0,Y,1,,,,,
22,Ti,titanium,[Ar],22,26,4,4,13,0,0,H,1,0,0,0,Y,1,,,,,
22,Ti,titanium,[Ar],22,26,4,4,14,0,0,V,0,0,0,0,N,0,,,,,
22,Ti,titanium,[Ar],22,26,4,4,15,0,0,V,0,0,0,0,N,0,,,,,
22,Ti,titanium,[Ar],22,26,4,4,16,0,0,H,0,0,0,0,N,0,,,,,
22,Ti,titanium,[Ar],22,26,4,4,17,0,0,H,0,0,0,0,N,0,,,,,
22,Ti,titanium,[Ar],22,26,4,4,18,0,0,H,0,0,0,0,N,0,,,,,
22,Ti,titanium,[Ar],22,26,4,4,19,0,0,H,0,0,0,0,N,0,,,,,
23,V,vanadium,[Ar],23,28,5,4,1,0,0,H,2,0,0,0,N,2,,,,,
23,V,vanadium,[Ar],23,28,5,4,2,0,0,V,2,0,0,0,N,2,,,| 14,,
23,V,vanadium,[Ar],23,28,5,4,3,0,0,V,2,0,0,0,N,2,,,,,
23,V,vanadium,[Ar],23,28,5,4,4,0,0,H,2,0,0,0,N,2,,,- 4,| 9,–13
23,V,vanadium,[Ar],23,28,5,4,5,0,0,H,2,0,0,0,N,2,,- 18,| 2,- 16,
23,V,vanadium,[Ar],23,28,5,4,6,0,0,V,2,0,0,0,N,2,–10,| 6,- 1,| 7,–12
23,V,vanadium,[Ar],23,28,5,4,7,0,0,V,2,0,0,0,N,2,,- 17,| 3,-19,
23,V,vanadium,[Ar],23,28,5,4,8,0,0,V,2,0,0,0,N,2,- 11,| 8,- 5,,
23,V,vanadium,[Ar],23,28,5,4,9,0,0,V,2,0,0,0,N,2,,,,,
23,V,vanadium,[Ar],23,28,5,4,10,0,0,H,1,0,0,0,Y,1,,,| 15,,
23,V,vanadium,[Ar],23,28,5,4,11,0,0,H,1,0,0,0,Y,1,,,,,
23,V,vanadium,[Ar],23,28,5,4,12,0,0,H,1,0,0,0,Y,1,,,,,
23,V,vanadium,[Ar],23,28,5,4,13,0,0,H,1,0,0,0,Y,1,,,,,
23,V,vanadium,[Ar],23,28,5,4,14,0,0,V,1,0,0,0,Y,1,,,,,
23,V,vanadium,[Ar],23,28,5,4,15,0,0,V,0,0,0,0,N,0,,,,,
23,V,vanadium,[Ar],23,28,5,4,16,0,0,H,0,0,0,0,N,0,,,,,
23,V,vanadium,[Ar],23,28,5,4,17,0,0,H,0,0,0,0,N,0,,,,,
23,V,vanadium,[Ar],23,28,5,4,18,0,0,H,0,0,0,0,N,0,,,,,
23,V,vanadium,[Ar],23,28,5,4,19,0,0,H,0,0,0,0,N,0,,,,,
24,Cr,chromium,[Ar],24,28,6,4,1,0,0,H,2,0,0,0,N,2,,,,,
24,Cr,chromium,[Ar],24,28,6,4,2,0,0,V,2,0,0,0,N,2,,,| 14,,
24,Cr,chromium,[Ar],24,28,6,4,3,0,0,V,2,0,0,0,N,2,,,,,
24,Cr,chromium,[Ar],24,28,6,4,4,0,0,H,2,0,0,0,N,2,,,- 4,| 9,–13
24,Cr,chromium,[Ar],24,28,6,4,5,0,0,H,2,0,0,0,N,2,,- 18,| 2,- 16,
24,Cr,chromium,[Ar],24,28,6,4,6,0,0,V,2,0,0,0,N,2,–10,| 6,- 1,| 7,–12
24,Cr,chromium,[Ar],24,28,6,4,7,0,0,V,2,0,0,0,N,2,,- 17,| 3,-19,
24,Cr,chromium,[Ar],24,28,6,4,8,0,0,V,2,0,0,0,N,2,- 11,| 8,- 5,,
24,Cr,chromium,[Ar],24,28,6,4,9,0,0,V,2,0,0,0,N,2,,,,,
24,Cr,chromium,[Ar],24,28,6,4,10,0,0,H,1,0,0,0,Y,1,,,| 15,,
24,Cr,chromium,[Ar],24,28,6,4,11,0,0,H,1,0,0,0,Y,1,,,,,
24,Cr,chromium,[Ar],24,28,6,4,12,0,0,H,1,0,0,0,Y,1,,,,,
24,Cr,chromium,[Ar],24,28,6,4,13,0,0,H,1,0,0,0,Y,1,,,,,
24,Cr,chromium,[Ar],24,28,6,4,14,0,0,V,1,0,0,0,Y,1,,,,,
24,Cr,chromium,[Ar],24,28,6,4,15,0,0,V,1,0,0,0,Y,1,,,,,
24,Cr,chromium,[Ar],24,28,6,4,16,0,0,H,0,0,0,0,N,0,,,,,
24,Cr,chromium,[Ar],24,28,6,4,17,0,0,H,0,0,0,0,N,0,,,,,
24,Cr,chromium,[Ar],24,28,6,4,18,0,0,H,0,0,0,0,N,0,,,,,
24,Cr,chromium,[Ar],24,28,6,4,19,0,0,H,0,0,0,0,N,0,,,,,
25,Mn,manganese,[Ar],25,30,7,4,1,0,0,H,2,0,0,0,N,2,,,,,
25,Mn,manganese,[Ar],25,30,7,4,2,0,0,V,2,0,0,0,N,2,,,| 14,,
25,Mn,manganese,[Ar],25,30,7,4,3,0,0,V,2,0,0,0,N,2,,,,,
25,Mn,manganese,[Ar],25,30,7,4,4,0,0,H,2,0,0,0,N,2,,,- 4,| 9,–13
25,Mn,manganese,[Ar],25,30,7,4,5,0,0,H,2,0,0,0,N,2,,- 18,| 2,- 16,
25,Mn,manganese,[Ar],25,30,7,4,6,0,0,V,2,0,0,0,N,2,–10,| 6,- 1,| 7,–12
25,Mn,manganese,[Ar],25,30,7,4,7,0,0,V,2,0,0,0,N,2,,- 17,| 3,-19,
25,Mn,manganese,[Ar],25,30,7,4,8,0,0,V,2,0,0,0,N,2,- 11,| 8,- 5,,
25,Mn,manganese,[Ar],25,30,7,4,9,0,0,V,2,0,0,0,N,2,,,,,
25,Mn,manganese,[Ar],25,30,7,4,10,0,0,H,1,0,0,0,Y,1,,,| 15,,
25,Mn,manganese,[Ar],25,30,7,4,11,0,0,H,1,0,0,0,Y,1,,,,,
25,Mn,manganese,[Ar],25,30,7,4,12,0,0,H,1,0,0,0,Y,1,,,,,
25,Mn,manganese,[Ar],25,30,7,4,13,0,0,H,1,0,0,0,Y,1,,,,,
25,Mn,manganese,[Ar],25,30,7,4,14,0,0,V,1,0,0,0,Y,1,,,,,
25,Mn,manganese,[Ar],25,30,7,4,15,0,0,V,1,0,0,0,Y,1,,,,,
25,Mn,manganese,[Ar],25,30,7,4,16,0,0,H,0,0,0,0,N,0,,,,,
25,Mn,manganese,[Ar],25,30,7,4,17,0,0,H,0,0,0,0,N,0,,,,,
25,Mn,manganese,[Ar],25,30,7,4,18,0,0,H,1,0,0,0,Y,1,,,,,
25,Mn,manganese,[Ar],25,30,7,4,19,0,0,H,0,0,0,0,N,0,,,,,
26,Fe,iron,[Ar],26,30,8,4,1,0,0,H,2,0,0,0,N,2,,,,,
26,Fe,iron,[Ar],26,30,8,4,2,0,0,V,2,0,0,0,N,2,,,| 14,,
26,Fe,iron,[Ar],26,30,8,4,3,0,0,V,2,0,0,0,N,2,,,,,
26,Fe,iron,[Ar],26,30,8,4,4,0,0,H,2,0,0,0,N,2,,,- 4,| 9,–13
26,Fe,iron,[Ar],26,30,8,4,5,0,0,H,2,0,0,0,N,2,,- 18,| 2,- 16,
26,Fe,iron,[Ar],26,30,8,4,6,0,0,V,2,0,0,0,N,2,–10,| 6,- 1,| 7,–12
26,Fe,iron,[Ar],26,30,8,4,7,0,0,V,2,0,0,0,N,2,,- 17,| 3,-19,
26,Fe,iron,[Ar],26,30,8,4,8,0,0,V,2,0,0,0,N,2,- 11,| 8,- 5,,
26,Fe,iron,[Ar],26,30,8,4,9,0,0,V,2,0,0,0,N,2,,,,,
26,Fe,iron,[Ar],26,30,8,4,10,0,0,H,1,0,0,0,Y,1,,,| 15,,
26,Fe,iron,[Ar],26,30,8,4,11,0,0,H,1,0,0,0,Y,1,,,,,
26,Fe,iron,[Ar],26,30,8,4,12,0,0,H,1,0,0,0,Y,1,,,,,
26,Fe,iron,[Ar],26,30,8,4,13,0,0,H,1,0,0,0,Y,1,,,,,
26,Fe,iron,[Ar],26,30,8,4,14,0,0,V,2,0,0,0,Y,2,,,,,
26,Fe,iron,[Ar],26,30,8,4,15,0,0,V,2,0,0,0,Y,2,,,,,
26,Fe,iron,[Ar],26,30,8,4,16,0,0,H,0,0,0,0,N,0,,,,,
26,Fe,iron,[Ar],26,30,8,4,17,0,0,H,0,0,0,0,N,0,,,,,
26,Fe,iron,[Ar],26,30,8,4,18,0,0,H,0,0,0,0,N,0,,,,,
26,Fe,iron,[Ar],26,30,8,4,19,0,0,H,0,0,0,0,N,0,,,,,
27,Co,cobalt,[Ar],27,32,9,4,1,0,0,H,2,0,0,0,N,2,,,,,
27,Co,cobalt,[Ar],27,32,9,4,2,0,0,V,2,0,0,0,N,2,,,| 14,,
27,Co,cobalt,[Ar],27,32,9,4,3,0,0,V,2,0,0,0,N,2,,,,,
27,Co,cobalt,[Ar],27,32,9,4,4,0,0,H,2,0,0,0,N,2,,,- 4,| 9,–13
27,Co,cobalt,[Ar],27,32,9,4,5,0,0,H,2,0,0,0,N,2,,- 18,| 2,- 16,
27,Co,cobalt,[Ar],27,32,9,4,6,0,0,V,2,0,0,0,N,2,–10,| 6,- 1,| 7,–12
27,Co,cobalt,[Ar],27,32,9,4,7,0,0,V,2,0,0,0,N,2,,- 17,| 3,-19,
27,Co,cobalt,[Ar],27,32,9,4,8,0,0,V,2,0,0,0,N,2,- 11,| 8,- 5,,
27,Co,cobalt,[Ar],27,32,9,4,9,0,0,V,2,0,0,0,N,2,,,,,
27,Co,cobalt,[Ar],27,32,9,4,10,0,0,H,1,0,0,0,N,1,,,| 15,,
27,Co,cobalt,[Ar],27,32,9,4,11,0,0,H,2,0,0,0,N,2,,,,,
27,Co,cobalt,[Ar],27,32,9,4,12,0,0,H,0,0,0,0,N,0,,,,,
27,Co,cobalt,[Ar],27,32,9,4,13,0,0,H,2,0,0,0,N,2,,,,,
27,Co,cobalt,[Ar],27,32,9,4,14,0,0,V,2,0,0,0,Y,2,,,,,
27,Co,cobalt,[Ar],27,32,9,4,15,0,0,V,2,0,0,0,N,2,,,,,
27,Co,cobalt,[Ar],27,32,9,4,16,0,0,H,0,0,0,0,N,0,,,,,
27,Co,cobalt,[Ar],27,32,9,4,17,0,0,H,0,0,0,0,N,0,,,,,
27,Co,cobalt,[Ar],27,32,9,4,18,0,0,H,0,0,0,0,N,0,,,,,
27,Co,cobalt,[Ar],27,32,9,4,19,0,0,H,0,0,0,0,N,0,,,,,
28,Ni,nickel,[Ar],28,31,10,4,1,0,0,H,2,0,0,0,N,2,,,,,
28,Ni,nickel,[Ar],28,31,10,4,2,0,0,V,2,0,0,0,N,2,,,| 14,,
28,Ni,nickel,[Ar],28,31,10,4,3,0,0,V,2,0,0,0,N,2,,,,,
28,Ni,nickel,[Ar],28,31,10,4,4,0,0,H,2,0,0,0,N,2,,,- 4,| 9,–13
28,Ni,nickel,[Ar],28,31,10,4,5,0,0,H,2,0,0,0,N,2,,- 18,| 2,- 16,
28,Ni,nickel,[Ar],28,31,10,4,6,0,0,V,2,0,0,0,N,2,–10,| 6,- 1,| 7,–12
28,Ni,nickel,[Ar],28,31,10,4,7,0,0,V,2,0,0,0,N,2,,- 17,| 3,-19,
28,Ni,nickel,[Ar],28,31,10,4,8,0,0,V,2,0,0,0,N,2,- 11,| 8,- 5,,
28,Ni,nickel,[Ar],28,31,10,4,9,0,0,V,2,0,0,0,N,2,,,,,
28,Ni,nickel,[Ar],28,31,10,4,10,0,0,H,1,0,0,0,N,1,,,| 15,,
28,Ni,nickel,[Ar],28,31,10,4,11,0,0,H,2,0,0,0,N,2,,,,,
28,Ni,nickel,[Ar],28,31,10,4,12,0,0,H,1,0,0,0,N,1,,,,,
28,Ni,nickel,[Ar],28,31,10,4,13,0,0,H,2,0,0,0,N,2,,,,,
28,Ni,nickel,[Ar],28,31,10,4,14,0,0,V,2,0,0,0,Y,2,,,,,
28,Ni,nickel,[Ar],28,31,10,4,15,0,0,V,2,0,0,0,Y,2,,,,,
28,Ni,nickel,[Ar],28,31,10,4,16,0,0,H,0,0,0,0,N,0,,,,,
28,Ni,nickel,[Ar],28,31,10,4,17,0,0,H,0,0,0,0,N,0,,,,,
28,Ni,nickel,[Ar],28,31,10,4,18,0,0,H,0,0,0,0,N,0,,,,,
28,Ni,nickel,[Ar],28,31,10,4,19,0,0,H,0,0,0,0,N,0,,,,,
29,Cu,copper,[Ar],29,35,11,4,1,0,0,H,2,0,0,0,N,2,,,,,
29,Cu,copper,[Ar],29,35,11,4,2,0,0,V,2,0,0,0,N,2,,,| 14,,
29,Cu,copper,[Ar],29,35,11,4,3,0,0,V,2,0,0,0,N,2,,,,,
29,Cu,copper,[Ar],29,35,11,4,4,0,0,H,2,0,0,0,N,2,,,- 4,| 9,–13
29,Cu,copper,[Ar],29,35,11,4,5,0,0,H,2,0,0,0,N,2,,- 18,| 2,- 16,
29,Cu,copper,[Ar],29,35,11,4,6,0,0,V,2,0,0,0,N,2,–10,| 6,- 1,| 7,–12
29,Cu,copper,[Ar],29,35,11,4,7,0,0,V,2,0,0,0,N,2,,- 17,| 3,-19,
29,Cu,copper,[Ar],29,35,11,4,8,0,0,V,2,0,0,0,N,2,- 11,| 8,- 5,,
29,Cu,copper,[Ar],29,35,11,4,9,0,0,V,2,0,0,0,N,2,,,,,
29,Cu,copper,[Ar],29,35,11,4,10,0,0,H,2,0,0,0,N,2,,,| 15,,
29,Cu,copper,[Ar],29,35,11,4,11,0,0,H,2,0,0,0,N,2,,,,,
29,Cu,copper,[Ar],29,35,11,4,12,0,0,H,2,0,0,0,N,2,,,,,
29,Cu,copper,[Ar],29,35,11,4,13,0,0,H,2,0,0,0,N,2,,,,,
29,Cu,copper,[Ar],29,35,11,4,14,0,0,V,1,0,0,0,Y,1,,,,,
29,Cu,copper,[Ar],29,35,11,4,15,0,0,V,2,0,0,0,Y,2,,,,,
29,Cu,copper,[Ar],29,35,11,4,16,0,0,H,0,0,0,0,N,0,,,,,
29,Cu,copper,[Ar],29,35,11,4,17,0,0,H,0,0,0,0,N,0,,,,,
29,Cu,copper,[Ar],29,35,11,4,18,0,0,H,0,0,0,0,N,0,,,,,
29,Cu,copper,[Ar],29,35,11,4,19,0,0,H,0,0,0,0,N,0,,,,,
30,Zn,zinc,[Ar],30,35,12,4,1,0,0,H,2,0,0,0,N,2,,,,,
30,Zn,zinc,[Ar],30,35,12,4,2,0,0,V,2,0,0,0,N,2,,,| 14,,
30,Zn,zinc,[Ar],30,35,12,4,3,0,0,V,2,0,0,0,N,2,,,,,
30,Zn,zinc,[Ar],30,35,12,4,4,0,0,H,2,0,0,0,N,2,,,- 4,| 9,–13
30,Zn,zinc,[Ar],30,35,12,4,5,0,0,H,2,0,0,0,N,2,,- 18,| 2,- 16,
30,Zn,zinc,[Ar],30,35,12,4,6,0,0,V,2,0,0,0,N,2,–10,| 6,- 1,| 7,–12
30,Zn,zinc,[Ar],30,35,12,4,7,0,0,V,2,0,0,0,N,2,,- 17,| 3,-19,
30,Zn,zinc,[Ar],30,35,12,4,8,0,0,V,2,0,0,0,N,2,- 11,| 8,- 5,,
30,Zn,zinc,[Ar],30,35,12,4,9,0,0,V,2,0,0,0,N,2,,,,,
30,Zn,zinc,[Ar],30,35,12,4,10,0,0,H,2,0,0,0,N,2,,,| 15,,
30,Zn,zinc,[Ar],30,35,12,4,11,0,0,H,2,0,0,0,N,2,,,,,
30,Zn,zinc,[Ar],30,35,12,4,12,0,0,H,2,0,0,0,N,2,,,,,
30,Zn,zinc,[Ar],30,35,12,4,13,0,0,H,2,0,0,0,N,2,,,,,
30,Zn,zinc,[Ar],30,35,12,4,14,0,0,V,1,0,0,0,Y,1,,,,,
30,Zn,zinc,[Ar],30,35,12,4,15,0,0,V,1,0,0,0,Y,1,,,,,
30,Zn,zinc,[Ar],30,35,12,4,16,0,0,H,0,0,0,0,N,0,,,,,
30,Zn,zinc,[Ar],30,35,12,4,17,0,0,H,0,0,0,0,N,0,,,,,
30,Zn,zinc,[Ar],30,35,12,4,18,0,0,H,1,0,0,0,N,1,,,,,
30,Zn,zinc,[Ar],30,35,12,4,19,0,0,H,1,0,0,0,N,1,,,,,
31,Ga,gallium,[Ar],31,39,13,4,1,0,0,H,2,0,0,0,N,2,,,,,
31,Ga,gallium,[Ar],31,39,13,4,2,0,0,V,2,0,0,0,N,2,,,| 14,,
31,Ga,gallium,[Ar],31,39,13,4,3,0,0,V,2,0,0,0,N,2,,,,,
31,Ga,gallium,[Ar],31,39,13,4,4,0,0,H,2,0,0,0,N,2,,,- 4,| 9,–13
31,Ga,gallium,[Ar],31,39,13,4,5,0,0,H,2,0,0,0,N,2,,- 18,| 2,- 16,
31,Ga,gallium,[Ar],31,39,13,4,6,0,0,V,2,0,0,0,N,2,–10,| 6,- 1,| 7,–12
31,Ga,gallium,[Ar],31,39,13,4,7,0,0,V,2,0,0,0,N,2,,- 17,| 3,-19,
31,Ga,gallium,[Ar],31,39,13,4,8,0,0,V,2,0,0,0,N,2,- 11,| 8,- 5,,
31,Ga,gallium,[Ar],31,39,13,4,9,0,0,V,2,0,0,0,N,2,,,,,
31,Ga,gallium,[Ar],31,39,13,4,10,0,0,H,2,0,0,0,N,2,,,| 15,,
31,Ga,gallium,[Ar],31,39,13,4,11,0,0,H,2,0,0,0,N,2,,,,,
31,Ga,gallium,[Ar],31,39,13,4,12,0,0,H,2,0,0,0,N,2,,,,,
31,Ga,gallium,[Ar],31,39,13,4,13,0,0,H,2,0,0,0,N,2,,,,,
31,Ga,gallium,[Ar],31,39,13,4,14,0,0,V,2,0,0,0,Y,2,,,,,
31,Ga,gallium,[Ar],31,39,13,4,15,0,0,V,2,0,0,0,Y,2,,,,,
31,Ga,gallium,[Ar],31,39,13,4,16,0,0,H,1,0,0,0,Y,1,,,,,
31,Ga,gallium,[Ar],31,39,13,4,17,0,0,H,0,0,0,0,N,0,,,,,
31,Ga,gallium,[Ar],31,39,13,4,18,0,0,H,0,0,0,0,N,0,,,,,
31,Ga,gallium,[Ar],31,39,13,4,19,0,0,H,0,0,0,0,N,0,,,,,
32,Ge,germanium,[Ar],32,41,14,4,1,0,0,H,2,0,0,0,N,2,,,,,
32,Ge,germanium,[Ar],32,41,14,4,2,0,0,V,2,0,0,0,N,2,,,| 14,,
32,Ge,germanium,[Ar],32,41,14,4,3,0,0,V,2,0,0,0,N,2,,,,,
32,Ge,germanium,[Ar],32,41,14,4,4,0,0,H,2,0,0,0,N,2,,,- 4,| 9,–13
32,Ge,germanium,[Ar],32,41,14,4,5,0,0,H,2,0,0,0,N,2,,- 18,| 2,- 16,
32,Ge,germanium,[Ar],32,41,14,4,6,0,0,V,2,0,0,0,N,2,–10,| 6,- 1,| 7,–12
32,Ge,germanium,[Ar],32,41,14,4,7,0,0,V,2,0,0,0,N,2,,- 17,| 3,-19,
32,Ge,germanium,[Ar],32,41,14,4,8,0,0,V,2,0,0,0,N,2,- 11,| 8,- 5,,
32,Ge,germanium,[Ar],32,41,14,4,9,0,0,V,2,0,0,0,N,2,,,,,
32,Ge,germanium,[Ar],32,41,14,4,10,0,0,H,2,0,0,0,N,2,,,| 15,,
32,Ge,germanium,[Ar],32,41,14,4,11,0,0,H,2,0,0,0,N,2,,,,,
32,Ge,germanium,[Ar],32,41,14,4,12,0,0,H,2,0,0,0,N,2,,,,,
32,Ge,germanium,[Ar],32,41,14,4,13,0,0,H,2,0,0,0,N,2,,,,,
32,Ge,germanium,[Ar],32,41,14,4,14,0,0,V,2,0,0,0,Y,2,,,,,
32,Ge,germanium,[Ar],32,41,14,4,15,0,0,V,2,0,0,0,Y,2,,,,,
32,Ge,germanium,[Ar],32,41,14,4,16,0,0,H,1,0,0,0,Y,1,,,,,
32,Ge,germanium,[Ar],32,41,14,4,17,0,0,H,1,0,0,0,Y,1,,,,,
32,Ge,germanium,[Ar],32,41,14,4,18,0,0,H,0,0,0,0,N,0,,,,,
32,Ge,germanium,[Ar],32,41,14,4,19,0,0,H,0,0,0,0,N,0,,,,,
33,As,arsenic,[Ar],33,42,15,4,1,0,0,H,2,0,0,0,N,2,,,,,
33,As,arsenic,[Ar],33,42,15,4,2,0,0,V,2,0,0,0,N,2,,,| 14,,
33,As,arsenic,[Ar],33,42,15,4,3,0,0,V,2,0,0,0,N,2,,,,,
33,As,arsenic,[Ar],33,42,15,4,4,0,0,H,2,0,0,0,N,2,,,- 4,| 9,–13
33,As,arsenic,[Ar],33,42,15,4,5,0,0,H,2,0,0,0,N,2,,- 18,| 2,- 16,
33,As,arsenic,[Ar],33,42,15,4,6,0,0,V,2,0,0,0,N,2,–10,| 6,- 1,| 7,–12
33,As,arsenic,[Ar],33,42,15,4,7,0,0,V,2,0,0,0,N,2,,- 17,| 3,-19,
33,As,arsenic,[Ar],33,42,15,4,8,0,0,V,2,0,0,0,N,2,- 11,| 8,- 5,,
33,As,arsenic,[Ar],33,42,15,4,9,0,0,V,2,0,0,0,N,2,,,,,
33,As,arsenic,[Ar],33,42,15,4,10,0,0,H,2,0,0,0,N,2,,,| 15,,
33,As,arsenic,[Ar],33,42,15,4,11,0,0,H,2,0,0,0,N,2,,,,,
33,As,arsenic,[Ar],33,42,15,4,12,0,0,H,2,0,0,0,N,2,,,,,
33,As,arsenic,[Ar],33,42,15,4,13,0,0,H,2,0,0,0,N,2,,,,,
33,As,arsenic,[Ar],33,42,15,4,14,0,0,V,2,0,0,0,Y,2,,,,,
33,As,arsenic,[Ar],33,42,15,4,15,0,0,V,2,0,0,0,Y,2,,,,,
33,As,arsenic,[Ar],33,42,15,4,16,0,0,H,1,0,0,0,Y,1,,,,,
33,As,arsenic,[Ar],33,42,15,4,17,0,0,H,1,0,0,0,Y,1,,,,,
33,As,arsenic,[Ar],33,42,15,4,18,0,0,H,0,0,0,0,Y,0,,,,,
33,As,arsenic,[Ar],33,42,15,4,19,0,0,H,1,0,0,0,N,1,,,,,
34,Se,selenium,[Ar],34,45,16,4,1,0,0,H,2,0,0,0,N,2,,,,,
34,Se,selenium,[Ar],34,45,16,4,2,0,0,V,2,0,0,0,N,2,,,| 14,,
34,Se,selenium,[Ar],34,45,16,4,3,0,0,V,2,0,0,0,N,2,,,,,
34,Se,selenium,[Ar],34,45,16,4,4,0,0,H,2,0,0,0,N,2,,,- 4,| 9,–13
34,Se,selenium,[Ar],34,45,16,4,5,0,0,H,2,0,0,0,N,2,,- 18,| 2,- 16,
34,Se,selenium,[Ar],34,45,16,4,6,0,0,V,2,0,0,0,N,2,–10,| 6,- 1,| 7,–12
34,Se,selenium,[Ar],34,45,16,4,7,0,0,V,2,0,0,0,N,2,,- 17,| 3,-19,
34,Se,selenium,[Ar],34,45,16,4,8,0,0,V,2,0,0,0,N,2,- 11,| 8,- 5,,
34,Se,selenium,[Ar],34,45,16,4,9,0,0,V,2,0,0,0,N,2,,,,,
34,Se,selenium,[Ar],34,45,16,4,10,0,0,H,2,0,0,0,N,2,,,| 15,,
34,Se,selenium,[Ar],34,45,16,4,11,0,0,H,2,0,0,0,N,2,,,,,
34,Se,selenium,[Ar],34,45,16,4,12,0,0,H,2,0,0,0,N,2,,,,,
34,Se,selenium,[Ar],34,45,16,4,13,0,0,H,2,0,0,0,N,2,,,,,
34,Se,selenium,[Ar],34,45,16,4,14,0,0,V,2,0,0,0,Y,2,,,,,
34,Se,selenium,[Ar],34,45,16,4,15,0,0,V,2,0,0,0,Y,2,,,,,
34,Se,selenium,[Ar],34,45,16,4,16,0,0,H,1,0,0,0,Y,1,,,,,
34,Se,selenium,[Ar],34,45,16,4,17,0,0,H,1,0,0,0,Y,1,,,,,
34,Se,selenium,[Ar],34,45,16,4,18,0,0,H,1,0,0,0,Y,1,,,,,
34,Se,selenium,[Ar],34,45,16,4,19,0,0,H,1,0,0,0,Y,1,,,,,
35,Br,bromine,[Ar],35,45,17,4,1,0,0,H,2,0,0,0,N,2,,,,,
35,Br,bromine,[Ar],35,45,17,4,2,0,0,V,2,0,0,0,N,2,,,| 14,,
35,Br,bromine,[Ar],35,45,17,4,3,0,0,V,2,0,0,0,N,2,,,,,
35,Br,bromine,[Ar],35,45,17,4,4,0,0,H,2,0,0,0,N,2,,,- 4,| 9,–13
35,Br,bromine,[Ar],35,45,17,4,5,0,0,H,2,0,0,0,N,2,,- 18,| 2,- 16,
35,Br,bromine,[Ar],35,45,17,4,6,0,0,V,2,0,0,0,N,2,–10,| 6,- 1,| 7,–12
35,Br,bromine,[Ar],35,45,17,4,7,0,0,V,2,0,0,0,N,2,,- 17,| 3,-19,
35,Br,bromine,[Ar],35,45,17,4,8,0,0,V,2,0,0,0,N,2,- 11,| 8,- 5,,
35,Br,bromine,[Ar],35,45,17,4,9,0,0,V,2,0,0,0,N,2,,,,,
35,Br,bromine,[Ar],35,45,17,4,10,0,0,H,2,0,0,0,N,2,,,| 15,,
35,Br,bromine,[Ar],35,45,17,4,11,0,0,H,2,0,0,0,N,2,,,,,
35,Br,bromine,[Ar],35,45,17,4,12,0,0,H,2,0,0,0,N,2,,,,,
35,Br,bromine,[Ar],35,45,17,4,13,0,0,H,2,0,0,0,N,2,,,,,
35,Br,bromine,[Ar],35,45,17,4,14,0,0,V,2,0,0,0,Y,2,,,,,
35,Br,bromine,[Ar],35,45,17,4,15,0,0,V,2,0,0,0,Y,2,,,,,
35,Br,bromine,[Ar],35,45,17,4,16,0,0,H,1,0,0,0,Y,1,,,,,
35,Br,bromine,[Ar],35,45,17,4,17,0,0,H,1,0,0,0,Y,1,,,,,
35,Br,bromine,[Ar],35,45,17,4,18,0,0,H,1,0,0,0,Y,1,,,,,
35,Br,bromine,[Ar],35,45,17,4,19,0,0,H,2,0,0,0,N,2,,,,,
36,Kr,krypton,[Ar],36,48,18,4,1,0,0,H,4,0,0,0,N,4,,,,,
36,Kr,krypton,[Ar],36,48,18,4,2,0,0,V,4,0,0,0,N,4,,,| 14,,
36,Kr,krypton,[Ar],36,48,18,4,3,0,0,V,4,0,0,0,N,4,,,,,
36,Kr,krypton,[Ar],36,48,18,4,4,0,0,H,4,0,0,0,N,4,,,- 4,| 9,–13
36,Kr,krypton,[Ar],36,48,18,4,5,0,0,H,4,0,0,0,N,4,,- 18,| 2,- 16,
36,Kr,krypton,[Ar],36,48,18,4,6,0,0,V,4,0,0,0,N,4,–10,| 6,- 1,| 7,–12
36,Kr,krypton,[Ar],36,48,18,4,7,0,0,V,4,0,0,0,N,4,,- 17,| 3,-19,
36,Kr,krypton,[Ar],36,48,18,4,8,0,0,V,4,0,0,0,N,4,- 11,| 8,- 5,,
36,Kr,krypton,[Ar],36,48,18,4,9,0,0,V,4,0,0,0,N,4,,,,,
36,Kr,krypton,[Ar],36,48,18,4,10,0,0,H,0,0,0,0,N,0,,,| 15,,
36,Kr,krypton,[Ar],36,48,18,4,11,0,0,H,0,0,0,0,N,0,,,,,
36,Kr,krypton,[Ar],36,48,18,4,12,0,0,H,0,0,0,0,N,0,,,,,
36,Kr,krypton,[Ar],36,48,18,4,13,0,0,H,0,0,0,0,N,0,,,,,
36,Kr,krypton,[Ar],36,48,18,4,14,0,0,V,0,0,0,0,N,0,,,,,
36,Kr,krypton,[Ar],36,48,18,4,15,0,0,V,0,0,0,0,N,0,,,,,
36,Kr,krypton,[Ar],36,48,18,4,16,0,0,H,0,0,0,0,N,0,,,,,
36,Kr,krypton,[Ar],36,48,18,4,17,0,0,H,0,0,0,0,N,0,,,,,
36,Kr,krypton,[Ar],36,48,18,4,18,0,0,H,0,0,0,0,N,0,,,,,
36,Kr,krypton,[Ar],36,48,18,4,19,0,0,H,0,0,0,0,N,0,,,,,
37,Rb,rubidium,[Kr],37,48,1,5,1,0,0,H,4,0,0,0,N,4,,,,,
37,Rb,rubidium,[Kr],37,48,1,5,2,0,0,V,4,0,0,0,N,4,,,| 14,,
37,Rb,rubidium,[Kr],37,48,1,5,3,0,0,V,4,0,0,0,N,4,,,,,
37,Rb,rubidium,[Kr],37,48,1,5,4,0,0,H,4,0,0,0,N,4,,,- 4,| 9,–13
37,Rb,rubidium,[Kr],37,48,1,5,5,0,0,H,4,0,0,0,N,4,,- 18,| 2,- 16,
37,Rb,rubidium,[Kr],37,48,1,5,6,0,0,V,4,0,0,0,N,4,–10,| 6,- 1,| 7,–12
37,Rb,rubidium,[Kr],37,48,1,5,7,0,0,V,4,0,0,0,N,4,,- 17,| 3,-19,
37,Rb,rubidium,[Kr],37,48,1,5,8,0,0,V,4,0,0,0,N,4,- 11,| 8,- 5,,
37,Rb,rubidium,[Kr],37,48,1,5,9,0,0,V,4,0,0,0,N,4,,,,,
37,Rb,rubidium,[Kr],37,48,1,5,10,0,0,H,0,0,0,0,N,0,,,| 15,,
37,Rb,rubidium,[Kr],37,48,1,5,11,0,0,H,0,0,0,0,N,0,,,,,
37,Rb,rubidium,[Kr],37,48,1,5,12,0,0,H,0,0,0,0,N,0,,,,,
37,Rb,rubidium,[Kr],37,48,1,5,13,0,0,H,0,0,0,0,N,0,,,,,
37,Rb,rubidium,[Kr],37,48,1,5,14,0,0,V,1,0,0,0,Y,1,,,,,
37,Rb,rubidium,[Kr],37,48,1,5,15,0,0,V,0,0,0,0,N,0,,,,,
37,Rb,rubidium,[Kr],37,48,1,5,16,0,0,H,0,0,0,0,N,0,,,,,
37,Rb,rubidium,[Kr],37,48,1,5,17,0,0,H,0,0,0,0,N,0,,,,,
37,Rb,rubidium,[Kr],37,48,1,5,18,0,0,H,0,0,0,0,N,0,,,,,
37,Rb,rubidium,[Kr],37,48,1,5,19,0,0,H,0,0,0,0,N,0,,,,,
38,Sr,strontium,[Kr],38,50,2,5,1,0,0,H,4,0,0,0,N,4,,,,,
38,Sr,strontium,[Kr],38,50,2,5,2,0,0,V,4,0,0,0,N,4,,,| 14,,
38,Sr,strontium,[Kr],38,50,2,5,3,0,0,V,4,0,0,0,N,4,,,,,
38,Sr,strontium,[Kr],38,50,2,5,4,0,0,H,4,0,0,0,N,4,,,- 4,| 9,–13
38,Sr,strontium,[Kr],38,50,2,5,5,0,0,H,4,0,0,0,N,4,,- 18,| 2,- 16,
38,Sr,strontium,[Kr],38,50,2,5,6,0,0,V,4,0,0,0,N,4,–10,| 6,- 1,| 7,–12
38,Sr,strontium,[Kr],38,50,2,5,7,0,0,V,4,0,0,0,N,4,,- 17,| 3,-19,
38,Sr,strontium,[Kr],38,50,2,5,8,0,0,V,4,0,0,0,N,4,- 11,| 8,- 5,,
38,Sr,strontium,[Kr],38,50,2,5,9,0,0,V,4,0,0,0,N,4,,,,,
38,Sr,strontium,[Kr],38,50,2,5,10,0,0,H,0,0,0,0,N,0,,,| 15,,
38,Sr,strontium,[Kr],38,50,2,5,11,0,0,H,0,0,0,0,N,0,,,,,
38,Sr,strontium,[Kr],38,50,2,5,12,0,0,H,0,0,0,0,N,0,,,,,
38,Sr,strontium,[Kr],38,50,2,5,13,0,0,H,0,0,0,0,N,0,,,,,
38,Sr,strontium,[Kr],38,50,2,5,14,0,0,V,1,0,0,0,Y,1,,,,,
38,Sr,strontium,[Kr],38,50,2,5,15,0,0,V,1,0,0,0,Y,1,,,,,
38,Sr,strontium,[Kr],38,50,2,5,16,0,0,H,0,0,0,0,N,0,,,,,
38,Sr,strontium,[Kr],38,50,2,5,17,0,0,H,0,0,0,0,N,0,,,,,
38,Sr,strontium,[Kr],38,50,2,5,18,0,0,H,0,0,0,0,N,0,,,,,
38,Sr,strontium,[Kr],38,50,2,5,19,0,0,H,0,0,0,0,N,0,,,,,
39,Y,yttrium,[Kr],39,50,3,5,1,0,0,H,4,0,0,0,N,4,,,,,
39,Y,yttrium,[Kr],39,50,3,5,2,0,0,V,4,0,0,0,N,4,,,| 14,,
39,Y,yttrium,[Kr],39,50,3,5,3,0,0,V,4,0,0,0,N,4,,,,,
39,Y,yttrium,[Kr],39,50,3,5,4,0,0,H,4,0,0,0,N,4,,,- 4,| 9,–13
39,Y,yttrium,[Kr],39,50,3,5,5,0,0,H,4,0,0,0,N,4,,- 18,| 2,- 16,
39,Y,yttrium,[Kr],39,50,3,5,6,0,0,V,4,0,0,0,N,4,–10,| 6,- 1,| 7,–12
39,Y,yttrium,[Kr],39,50,3,5,7,0,0,V,4,0,0,0,N,4,,- 17,| 3,-19,
39,Y,yttrium,[Kr],39,50,3,5,8,0,0,V,4,0,0,0,N,4,- 11,| 8,- 5,,
39,Y,yttrium,[Kr],39,50,3,5,9,0,0,V,4,0,0,0,N,4,,,,,
39,Y,yttrium,[Kr],39,50,3,5,10,0,0,H,1,0,0,0,N,1,,,| 15,,
39,Y,yttrium,[Kr],39,50,3,5,11,0,0,H,0,0,0,0,N,0,,,,,
39,Y,yttrium,[Kr],39,50,3,5,12,0,0,H,1,0,0,0,N,1,,,,,
39,Y,yttrium,[Kr],39,50,3,5,13,0,0,H,0,0,0,0,N,0,,,,,
39,Y,yttrium,[Kr],39,50,3,5,14,0,0,V,1,0,0,0,Y,1,,,,,
39,Y,yttrium,[Kr],39,50,3,5,15,0,0,V,0,0,0,0,Y,0,,,,,
39,Y,yttrium,[Kr],39,50,3,5,16,0,0,H,0,0,0,0,N,0,,,,,
39,Y,yttrium,[Kr],39,50,3,5,17,0,0,H,0,0,0,0,N,0,,,,,
39,Y,yttrium,[Kr],39,50,3,5,18,0,0,H,0,0,0,0,N,0,,,,,
39,Y,yttrium,[Kr],39,50,3,5,19,0,0,H,0,0,0,0,N,0,,,,,
40,Zr,zirconium,[Kr],40,51,4,5,1,0,0,H,4,0,0,0,N,4,,,,,
40,Zr,zirconium,[Kr],40,51,4,5,2,0,0,V,4,0,0,0,N,4,,,| 14,,
40,Zr,zirconium,[Kr],40,51,4,5,3,0,0,V,4,0,0,0,N,4,,,,,
40,Zr,zirconium,[Kr],40,51,4,5,4,0,0,H,4,0,0,0,N,4,,,- 4,| 9,–13
40,Zr,zirconium,[Kr],40,51,4,5,5,0,0,H,4,0,0,0,N,4,,- 18,| 2,- 16,
40,Zr,zirconium,[Kr],40,51,4,5,6,0,0,V,4,0,0,0,N,4,–10,| 6,- 1,| 7,–12
40,Zr,zirconium,[Kr],40,51,4,5,7,0,0,V,4,0,0,0,N,4,,- 17,| 3,-19,
40,Zr,zirconium,[Kr],40,51,4,5,8,0,0,V,4,0,0,0,N,4,- 11,| 8,- 5,,
40,Zr,zirconium,[Kr],40,51,4,5,9,0,0,V,4,0,0,0,N,4,,,,,
40,Zr,zirconium,[Kr],40,51,4,5,10,0,0,H,0,0,0,0,N,0,,,| 15,,
40,Zr,zirconium,[Kr],40,51,4,5,11,0,0,H,1,0,0,0,Y,1,,,,,
40,Zr,zirconium,[Kr],40,51,4,5,12,0,0,H,0,0,0,0,N,0,,,,,
40,Zr,zirconium,[Kr],40,51,4,5,13,0,0,H,1,0,0,0,Y,1,,,,,
40,Zr,zirconium,[Kr],40,51,4,5,14,0,0,V,1,0,0,0,Y,1,,,,,
40,Zr,zirconium,[Kr],40,51,4,5,15,0,0,V,1,0,0,0,Y,1,,,,,
40,Zr,zirconium,[Kr],40,51,4,5,16,0,0,H,0,0,0,0,N,0,,,,,
40,Zr,zirconium,[Kr],40,51,4,5,17,0,0,H,0,0,0,0,N,0,,,,,
40,Zr,zirconium,[Kr],40,51,4,5,18,0,0,H,0,0,0,0,N,0,,,,,
40,Zr,zirconium,[Kr],40,51,4,5,19,0,0,H,0,0,0,0,N,0,,,,,
41,Nb,niobium,[Kr],41,52,5,5,1,0,0,H,4,0,0,0,N,4,,,,,
41,Nb,niobium,[Kr],41,52,5,5,2,0,0,V,4,0,0,0,N,4,,,| 14,,
41,Nb,niobium,[Kr],41,52,5,5,3,0,0,V,4,0,0,0,N,4,,,,,
41,Nb,niobium,[Kr],41,52,5,5,4,0,0,H,4,0,0,0,N,4,,,- 4,| 9,–13
41,Nb,niobium,[Kr],41,52,5,5,5,0,0,H,4,0,0,0,N,4,,- 18,| 2,- 16,
41,Nb,niobium,[Kr],41,52,5,5,6,0,0,V,4,0,0,0,N,4,–10,| 6,- 1,| 7,–12
41,Nb,niobium,[Kr],41,52,5,5,7,0,0,V,4,0,0,0,N,4,,- 17,| 3,-19,
41,Nb,niobium,[Kr],41,52,5,5,8,0,0,V,4,0,0,0,N,4,- 11,| 8,- 5,,
41,Nb,niobium,[Kr],41,52,5,5,9,0,0,V,4,0,0,0,N,4,,,,,
41,Nb,niobium,[Kr],41,52,5,5,10,0,0,H,1,0,0,0,Y,1,,,| 15,,
41,Nb,niobium,[Kr],41,52,5,5,11,0,0,H,1,0,0,0,Y,1,,,,,
41,Nb,niobium,[Kr],41,52,5,5,12,0,0,H,0,0,0,0,N,0,,,,,
41,Nb,niobium,[Kr],41,52,5,5,13,0,0,H,1,0,0,0,Y,1,,,,,
41,Nb,niobium,[Kr],41,52,5,5,14,0,0,V,1,0,0,0,Y,1,,,,,
41,Nb,niobium,[Kr],41,52,5,5,15,0,0,V,1,0,0,0,Y,1,,,,,
41,Nb,niobium,[Kr],41,52,5,5,16,0,0,H,0,0,0,0,N,0,,,,,
41,Nb,niobium,[Kr],41,52,5,5,17,0,0,H,0,0,0,0,N,0,,,,,
41,Nb,niobium,[Kr],41,52,5,5,18,0,0,H,0,0,0,0,N,0,,,,,
41,Nb,niobium,[Kr],41,52,5,5,19,0,0,H,0,0,0,0,N,0,,,,,
42,Mo,molybdenum,[Kr],42,54,6,5,1,0,0,H,4,0,0,0,N,4,,,,,
42,Mo,molybdenum,[Kr],42,54,6,5,2,0,0,V,4,0,0,0,N,4,,,| 14,,
42,Mo,molybdenum,[Kr],42,54,6,5,3,0,0,V,4,0,0,0,N,4,,,,,
42,Mo,molybdenum,[Kr],42,54,6,5,4,0,0,H,4,0,0,0,N,4,,,- 4,| 9,–13
42,Mo,molybdenum,[Kr],42,54,6,5,5,0,0,H,4,0,0,0,N,4,,- 18,| 2,- 16,
42,Mo,molybdenum,[Kr],42,54,6,5,6,0,0,V,4,0,0,0,N,4,–10,| 6,- 1,| 7,–12
42,Mo,molybdenum,[Kr],42,54,6,5,7,0,0,V,4,0,0,0,N,4,,- 17,| 3,-19,
42,Mo,molybdenum,[Kr],42,54,6,5,8,0,0,V,4,0,0,0,N,4,- 11,| 8,- 5,,
42,Mo,molybdenum,[Kr],42,54,6,5,9,0,0,V,4,0,0,0,N,4,,,,,
42,Mo,molybdenum,[Kr],42,54,6,5,10,0,0,H,1,0,0,0,Y,1,,,| 15,,
42,Mo,molybdenum,[Kr],42,54,6,5,11,0,0,H,1,0,0,0,Y,1,,,,,
42,Mo,molybdenum,[Kr],42,54,6,5,12,0,0,H,1,0,0,0,Y,1,,,,,
42,Mo,molybdenum,[Kr],42,54,6,5,13,0,0,H,1,0,0,0,Y,1,,,,,
42,Mo,molybdenum,[Kr],42,54,6,5,14,0,0,V,1,0,0,0,Y,1,,,,,
42,Mo,molybdenum,[Kr],42,54,6,5,15,0,0,V,1,0,0,0,Y,1,,,,,
42,Mo,molybdenum,[Kr],42,54,6,5,16,0,0,H,0,0,0,0,N,0,,,,,
42,Mo,molybdenum,[Kr],42,54,6,5,17,0,0,H,0,0,0,0,N,0,,,,,
42,Mo,molybdenum,[Kr],42,54,6,5,18,0,0,H,0,0,0,0,N,0,,,,,
43,Tc,molybdenum,[Kr],42,54,6,5,19,0,0,H,0,0,0,0,N,0,,,,,
43,Tc,technetium,[Kr],43,55,7,5,1,0,0,H,4,0,0,0,N,4,,,,,
43,Tc,technetium,[Kr],43,55,7,5,2,0,0,V,4,0,0,0,N,4,,,| 14,,
43,Tc,technetium,[Kr],43,55,7,5,3,0,0,V,4,0,0,0,N,4,,,,,
43,Tc,technetium,[Kr],43,55,7,5,4,0,0,H,4,0,0,0,N,4,,,- 4,| 9,–13
43,Tc,technetium,[Kr],43,55,7,5,5,0,0,H,4,0,0,0,N,4,,- 18,| 2,- 16,
43,Tc,technetium,[Kr],43,55,7,5,6,0,0,V,4,0,0,0,N,4,–10,| 6,- 1,| 7,–12
43,Tc,technetium,[Kr],43,55,7,5,7,0,0,V,4,0,0,0,N,4,,- 17,| 3,-19,
43,Tc,technetium,[Kr],43,55,7,5,8,0,0,V,4,0,0,0,N,4,- 11,| 8,- 5,,
43,Tc,technetium,[Kr],43,55,7,5,9,0,0,V,4,0,0,0,N,4,,,,,
43,Tc,technetium,[Kr],43,55,7,5,10,0,0,H,1,0,0,0,Y,1,,,| 15,,
43,Tc,technetium,[Kr],43,55,7,5,11,0,0,H,1,0,0,0,Y,1,,,,,
43,Tc,technetium,[Kr],43,55,7,5,12,0,0,H,1,0,0,0,Y,1,,,,,
43,Tc,technetium,[Kr],43,55,7,5,13,0,0,H,1,0,0,0,Y,1,,,,,
43,Tc,technetium,[Kr],43,55,7,5,14,0,0,V,1,0,0,0,Y,1,,,,,
43,Tc,technetium,[Kr],43,55,7,5,15,0,0,V,1,0,0,0,Y,1,,,,,
43,Tc,technetium,[Kr],43,55,7,5,16,0,0,H,1,0,0,0,Y,1,,,,,
43,Tc,technetium,[Kr],43,55,7,5,17,0,0,H,0,0,0,0,N,0,,,,,
43,Tc,technetium,[Kr],43,55,7,5,18,0,0,H,0,0,0,0,N,0,,,,,
43,Tc,technetium,[Kr],43,55,7,5,19,0,0,H,0,0,0,0,N,0,,,,,
44,Ru,ruthenium,[Kr],44,57,8,5,1,0,0,H,4,0,0,0,N,4,,,,,
44,Ru,ruthenium,[Kr],44,57,8,5,2,0,0,V,4,0,0,0,N,4,,,| 14,,
44,Ru,ruthenium,[Kr],44,57,8,5,3,0,0,V,4,0,0,0,N,4,,,,,
44,Ru,ruthenium,[Kr],44,57,8,5,4,0,0,H,4,0,0,0,N,4,,,- 4,| 9,–13
44,Ru,ruthenium,[Kr],44,57,8,5,5,0,0,H,4,0,0,0,N,4,,- 18,| 2,- 16,
44,Ru,ruthenium,[Kr],44,57,8,5,6,0,0,V,4,0,0,0,N,4,–10,| 6,- 1,| 7,–12
44,Ru,ruthenium,[Kr],44,57,8,5,7,0,0,V,4,0,0,0,N,4,,- 17,| 3,-19,
44,Ru,ruthenium,[Kr],44,57,8,5,8,0,0,V,4,0,0,0,N,4,- 11,| 8,- 5,,
44,Ru,ruthenium,[Kr],44,57,8,5,9,0,0,V,4,0,0,0,N,4,,,,,
44,Ru,ruthenium,[Kr],44,57,8,5,10,0,0,H,1,0,0,0,Y,1,,,| 15,,
44,Ru,ruthenium,[Kr],44,57,8,5,11,0,0,H,1,0,0,0,Y,1,,,,,
44,Ru,ruthenium,[Kr],44,57,8,5,12,0,0,H,1,0,0,0,Y,1,,,,,
44,Ru,ruthenium,[Kr],44,57,8,5,13,0,0,H,1,0,0,0,Y,1,,,,,
44,Ru,ruthenium,[Kr],44,57,8,5,14,0,0,V,1,0,0,0,Y,1,,,,,
44,Ru,ruthenium,[Kr],44,57,8,5,15,0,0,V,1,0,0,0,Y,1,,,,,
44,Ru,ruthenium,[Kr],44,57,8,5,16,0,0,H,1,0,0,0,Y,1,,,,,
44,Ru,ruthenium,[Kr],44,57,8,5,17,0,0,H,1,0,0,0,Y,1,,,,,
44,Ru,ruthenium,[Kr],44,57,8,5,18,0,0,H,0,0,0,0,N,0,,,,,
44,Ru,ruthenium,[Kr],44,57,8,5,19,0,0,H,0,0,0,0,N,0,,,,,
45,Rh,rhodium,[Kr],45,58,9,5,1,0,0,H,4,0,0,0,N,4,,,,,
45,Rh,rhodium,[Kr],45,58,9,5,2,0,0,V,4,0,0,0,N,4,,,| 14,,
45,Rh,rhodium,[Kr],45,58,9,5,3,0,0,V,4,0,0,0,N,4,,,,,
45,Rh,rhodium,[Kr],45,58,9,5,4,0,0,H,4,0,0,0,N,4,,,- 4,| 9,–13
45,Rh,rhodium,[Kr],45,58,9,5,5,0,0,H,4,0,0,0,N,4,,- 18,| 2,- 16,
45,Rh,rhodium,[Kr],45,58,9,5,6,0,0,V,4,0,0,0,N,4,–10,| 6,- 1,| 7,–12
45,Rh,rhodium,[Kr],45,58,9,5,7,0,0,V,4,0,0,0,N,4,,- 17,| 3,-19,
45,Rh,rhodium,[Kr],45,58,9,5,8,0,0,V,4,0,0,0,N,4,- 11,| 8,- 5,,
45,Rh,rhodium,[Kr],45,58,9,5,9,0,0,V,4,0,0,0,N,4,,,,,
45,Rh,rhodium,[Kr],45,58,9,5,10,0,0,H,1,0,0,0,Y,1,,,| 15,,
45,Rh,rhodium,[Kr],45,58,9,5,11,0,0,H,1,0,0,0,Y,1,,,,,
45,Rh,rhodium,[Kr],45,58,9,5,12,0,0,H,1,0,0,0,Y,1,,,,,
45,Rh,rhodium,[Kr],45,58,9,5,13,0,0,H,1,0,0,0,Y,1,,,,,
45,Rh,rhodium,[Kr],45,58,9,5,14,0,0,V,1,0,0,0,Y,1,,,,,
45,Rh,rhodium,[Kr],45,58,9,5,15,0,0,V,1,0,0,0,Y,1,,,,,
45,Rh,rhodium,[Kr],45,58,9,5,16,0,0,H,1,0,0,0,Y,1,,,,,
45,Rh,rhodium,[Kr],45,58,9,5,17,0,0,H,1,0,0,0,Y,1,,,,,
45,Rh,rhodium,[Kr],45,58,9,5,18,0,0,H,1,0,0,0,Y,1,,,,,
45,Rh,rhodium,[Kr],45,58,9,5,19,0,0,H,0,0,0,0,N,0,,,,,
46,Pd,palladium,[Kr],46,60,10,5,1,0,0,H,4,0,0,0,N,4,,,,,
46,Pd,palladium,[Kr],46,60,10,5,2,0,0,V,4,0,0,0,N,4,,,| 14,,
46,Pd,palladium,[Kr],46,60,10,5,3,0,0,V,4,0,0,0,N,4,,,,,
46,Pd,palladium,[Kr],46,60,10,5,4,0,0,H,4,0,0,0,N,4,,,- 4,| 9,–13
46,Pd,palladium,[Kr],46,60,10,5,5,0,0,H,4,0,0,0,N,4,,- 18,| 2,- 16,
46,Pd,palladium,[Kr],46,60,10,5,6,0,0,V,4,0,0,0,N,4,–10,| 6,- 1,| 7,–12
46,Pd,palladium,[Kr],46,60,10,5,7,0,0,V,4,0,0,0,N,4,,- 17,| 3,-19,
46,Pd,palladium,[Kr],46,60,10,5,8,0,0,V,4,0,0,0,N,4,- 11,| 8,- 5,,
46,Pd,palladium,[Kr],46,60,10,5,9,0,0,V,4,0,0,0,N,4,,,,,
46,Pd,palladium,[Kr],46,60,10,5,10,0,0,H,1,0,0,0,Y,1,,,| 15,,
46,Pd,palladium,[Kr],46,60,10,5,11,0,0,H,1,0,0,0,Y,1,,,,,
46,Pd,palladium,[Kr],46,60,10,5,12,0,0,H,1,0,0,0,Y,1,,,,,
46,Pd,palladium,[Kr],46,60,10,5,13,0,0,H,1,0,0,0,Y,1,,,,,
46,Pd,palladium,[Kr],46,60,10,5,14,0,0,V,1,0,0,0,Y,1,,,,,
46,Pd,palladium,[Kr],46,60,10,5,15,0,0,V,1,0,0,0,Y,1,,,,,
46,Pd,palladium,[Kr],46,60,10,5,16,0,0,H,1,0,0,0,Y,1,,,,,
46,Pd,palladium,[Kr],46,60,10,5,17,0,0,H,1,0,0,0,Y,1,,,,,
46,Pd,palladium,[Kr],46,60,10,5,18,0,0,H,1,0,0,0,Y,1,,,,,
46,Pd,palladium,[Kr],46,60,10,5,19,0,0,H,1,0,0,0,Y,1,,,,,
47,Ag,silver,[Kr],47,61,11,5,1,0,0,H,4,0,0,0,N,4,,,,,
47,Ag,silver,[Kr],47,61,11,5,2,0,0,V,4,0,0,0,N,4,,,| 14,,
47,Ag,silver,[Kr],47,61,11,5,3,0,0,V,4,0,0,0,N,4,,,,,
47,Ag,silver,[Kr],47,61,11,5,4,0,0,H,4,0,0,0,N,4,,,- 4,| 9,–13
47,Ag,silver,[Kr],47,61,11,5,5,0,0,H,4,0,0,0,N,4,,- 18,| 2,- 16,
47,Ag,silver,[Kr],47,61,11,5,6,0,0,V,4,0,0,0,N,4,–10,| 6,- 1,| 7,–12
47,Ag,silver,[Kr],47,61,11,5,7,0,0,V,4,0,0,0,N,4,,- 17,| 3,-19,
47,Ag,silver,[Kr],47,61,11,5,8,0,0,V,4,0,0,0,N,4,- 11,| 8,- 5,,
47,Ag,silver,[Kr],47,61,11,5,9,0,0,V,4,0,0,0,N,4,,,,,
47,Ag,silver,[Kr],47,61,11,5,10,0,0,H,2,0,0,0,N,2,,,| 15,,
47,Ag,silver,[Kr],47,61,11,5,11,0,0,H,1,0,0,0,Y,1,,,,,
47,Ag,silver,[Kr],47,61,11,5,12,0,0,H,2,0,0,0,N,2,,,,,
47,Ag,silver,[Kr],47,61,11,5,13,0,0,H,1,0,0,0,Y,1,,,,,
47,Ag,silver,[Kr],47,61,11,5,14,0,0,V,2,0,0,0,Y,2,,,,,
47,Ag,silver,[Kr],47,61,11,5,15,0,0,V,1,0,0,0,Y,1,,,,,
47,Ag,silver,[Kr],47,61,11,5,16,0,0,H,1,0,0,0,Y,1,,,,,
47,Ag,silver,[Kr],47,61,11,5,17,0,0,H,1,0,0,0,Y,1,,,,,
47,Ag,silver,[Kr],47,61,11,5,18,0,0,H,0,0,0,0,N,0,,,,,
47,Ag,silver,[Kr],47,61,11,5,19,0,0,H,0,0,0,0,N,0,,,,,
48,Cd,cadmium,[Kr],48,64,12,5,1,0,0,H,4,0,0,0,N,4,,,,,
48,Cd,cadmium,[Kr],48,64,12,5,2,0,0,V,4,0,0,0,N,4,,,| 14,,
48,Cd,cadmium,[Kr],48,64,12,5,3,0,0,V,4,0,0,0,N,4,,,,,
48,Cd,cadmium,[Kr],48,64,12,5,4,0,0,H,4,0,0,0,N,4,,,- 4,| 9,–13
48,Cd,cadmium,[Kr],48,64,12,5,5,0,0,H,4,0,0,0,N,4,,- 18,| 2,- 16,
48,Cd,cadmium,[Kr],48,64,12,5,6,0,0,V,4,0,0,0,N,4,–10,| 6,- 1,| 7,–12
48,Cd,cadmium,[Kr],48,64,12,5,7,0,0,V,4,0,0,0,N,4,,- 17,| 3,-19,
48,Cd,cadmium,[Kr],48,64,12,5,8,0,0,V,4,0,0,0,N,4,- 11,| 8,- 5,,
48,Cd,cadmium,[Kr],48,64,12,5,9,0,0,V,4,0,0,0,N,4,,,,,
48,Cd,cadmium,[Kr],48,64,12,5,10,0,0,H,2,0,0,0,N,2,,,| 15,,
48,Cd,cadmium,[Kr],48,64,12,5,11,0,0,H,2,0,0,0,N,2,,,,,
48,Cd,cadmium,[Kr],48,64,12,5,12,0,0,H,2,0,0,0,N,2,,,,,
48,Cd,cadmium,[Kr],48,64,12,5,13,0,0,H,2,0,0,0,N,2,,,,,
48,Cd,cadmium,[Kr],48,64,12,5,14,0,0,V,2,0,0,0,Y,2,,,,,
48,Cd,cadmium,[Kr],48,64,12,5,15,0,0,V,2,0,0,0,Y,2,,,,,
48,Cd,cadmium,[Kr],48,64,12,5,16,0,0,H,0,0,0,0,N,0,,,,,
48,Cd,cadmium,[Kr],48,64,12,5,17,0,0,H,0,0,0,0,N,0,,,,,
48,Cd,cadmium,[Kr],48,64,12,5,18,0,0,H,0,0,0,0,N,0,,,,,
48,Cd,cadmium,[Kr],48,64,12,5,19,0,0,H,0,0,0,0,N,0,,,,,
49,In,indium,[Kr],49,66,13,5,1,0,0,H,4,0,0,0,N,4,,,,,
49,In,indium,[Kr],49,66,13,5,2,0,0,V,4,0,0,0,N,4,,,| 14,,
49,In,indium,[Kr],49,66,13,5,3,0,0,V,4,0,0,0,N,4,,,,,
49,In,indium,[Kr],49,66,13,5,4,0,0,H,4,0,0,0,N,4,,,- 4,| 9,–13
49,In,indium,[Kr],49,66,13,5,5,0,0,H,4,0,0,0,N,4,,- 18,| 2,- 16,
49,In,indium,[Kr],49,66,13,5,6,0,0,V,4,0,0,0,N,4,–10,| 6,- 1,| 7,–12
49,In,indium,[Kr],49,66,13,5,7,0,0,V,4,0,0,0,N,4,,- 17,| 3,-19,
49,In,indium,[Kr],49,66,13,5,8,0,0,V,4,0,0,0,N,4,- 11,| 8,- 5,,
49,In,indium,[Kr],49,66,13,5,9,0,0,V,4,0,0,0,N,4,,,,,
49,In,indium,[Kr],49,66,13,5,10,0,0,H,2,0,0,0,N,2,,,| 15,,
49,In,indium,[Kr],49,66,13,5,11,0,0,H,2,0,0,0,N,2,,,,,
49,In,indium,[Kr],49,66,13,5,12,0,0,H,2,0,0,0,N,2,,,,,
49,In,indium,[Kr],49,66,13,5,13,0,0,H,2,0,0,0,N,2,,,,,
49,In,indium,[Kr],49,66,13,5,14,0,0,V,2,0,0,0,Y,2,,,,,
49,In,indium,[Kr],49,66,13,5,15,0,0,V,2,0,0,0,Y,2,,,,,
49,In,indium,[Kr],49,66,13,5,16,0,0,H,1,0,0,0,Y,1,,,,,
49,In,indium,[Kr],49,66,13,5,17,0,0,H,0,0,0,0,N,0,,,,,
49,In,indium,[Kr],49,66,13,5,18,0,0,H,0,0,0,0,N,0,,,,,
49,In,indium,[Kr],49,66,13,5,19,0,0,H,0,0,0,0,N,0,,,,,
50,Sn,tin,[Kr],50,69,14,5,1,0,0,H,4,0,0,0,N,4,,,,,
50,Sn,tin,[Kr],50,69,14,5,2,0,0,V,4,0,0,0,N,4,,,| 14,,
50,Sn,tin,[Kr],50,69,14,5,3,0,0,V,4,0,0,0,N,4,,,,,
50,Sn,tin,[Kr],50,69,14,5,4,0,0,H,4,0,0,0,N,4,,,- 4,| 9,–13
50,Sn,tin,[Kr],50,69,14,5,5,0,0,H,4,0,0,0,N,4,,- 18,| 2,- 16,
50,Sn,tin,[Kr],50,69,14,5,6,0,0,V,4,0,0,0,N,4,–10,| 6,- 1,| 7,–12
50,Sn,tin,[Kr],50,69,14,5,7,0,0,V,4,0,0,0,N,4,,- 17,| 3,-19,
50,Sn,tin,[Kr],50,69,14,5,8,0,0,V,4,0,0,0,N,4,- 11,| 8,- 5,,
50,Sn,tin,[Kr],50,69,14,5,9,0,0,V,4,0,0,0,N,4,,,,,
50,Sn,tin,[Kr],50,69,14,5,10,0,0,H,2,0,0,0,N,2,,,| 15,,
50,Sn,tin,[Kr],50,69,14,5,11,0,0,H,2,0,0,0,N,2,,,,,
50,Sn,tin,[Kr],50,69,14,5,12,0,0,H,2,0,0,0,N,2,,,,,
50,Sn,tin,[Kr],50,69,14,5,13,0,0,H,2,0,0,0,N,2,,,,,
50,Sn,tin,[Kr],50,69,14,5,14,0,0,V,1,0,0,0,Y,1,,,,,
50,Sn,tin,[Kr],50,69,14,5,15,0,0,V,1,0,0,0,Y,1,,,,,
50,Sn,tin,[Kr],50,69,14,5,16,0,0,H,0,0,0,0,Y,0,,,,,
50,Sn,tin,[Kr],50,69,14,5,17,0,0,H,0,0,0,0,Y,0,,,,,
50,Sn,tin,[Kr],50,69,14,5,18,0,0,H,2,0,0,0,N,2,,,,,
50,Sn,tin,[Kr],50,69,14,5,19,0,0,H,2,0,0,0,N,2,,,,,
51,Sb,antimony,[Kr],51,71,15,5,1,0,0,H,4,0,0,0,N,4,,,,,
51,Sb,antimony,[Kr],51,71,15,5,2,0,0,V,4,0,0,0,N,4,,,| 14,,
51,Sb,antimony,[Kr],51,71,15,5,3,0,0,V,4,0,0,0,N,4,,,,,
51,Sb,antimony,[Kr],51,71,15,5,4,0,0,H,4,0,0,0,N,4,,,- 4,| 9,–13
51,Sb,antimony,[Kr],51,71,15,5,5,0,0,H,4,0,0,0,N,4,,- 18,| 2,- 16,
51,Sb,antimony,[Kr],51,71,15,5,6,0,0,V,4,0,0,0,N,4,–10,| 6,- 1,| 7,–12
51,Sb,antimony,[Kr],51,71,15,5,7,0,0,V,4,0,0,0,N,4,,- 17,| 3,-19,
51,Sb,antimony,[Kr],51,71,15,5,8,0,0,V,4,0,0,0,N,4,- 11,| 8,- 5,,
51,Sb,antimony,[Kr],51,71,15,5,9,0,0,V,4,0,0,0,N,4,,,,,
51,Sb,antimony,[Kr],51,71,15,5,10,0,0,H,2,0,0,0,N,2,,,| 15,,
51,Sb,antimony,[Kr],51,71,15,5,11,0,0,H,2,0,0,0,N,2,,,,,
51,Sb,antimony,[Kr],51,71,15,5,12,0,0,H,2,0,0,0,N,2,,,,,
51,Sb,antimony,[Kr],51,71,15,5,13,0,0,H,2,0,0,0,N,2,,,,,
51,Sb,antimony,[Kr],51,71,15,5,14,0,0,V,2,0,0,0,Y,2,,,,,
51,Sb,antimony,[Kr],51,71,15,5,15,0,0,V,2,0,0,0,Y,2,,,,,
51,Sb,antimony,[Kr],51,71,15,5,16,0,0,H,1,0,0,0,Y,1,,,,,
51,Sb,antimony,[Kr],51,71,15,5,17,0,0,H,1,0,0,0,Y,1,,,,,
51,Sb,antimony,[Kr],51,71,15,5,18,0,0,H,1,0,0,0,Y,1,,,,,
51,Sb,antimony,[Kr],51,71,15,5,19,0,0,H,0,0,0,0,Y,0,,,,,
52,Te,tellurium,[Kr],52,76,16,5,1,0,0,H,4,0,0,0,N,4,,,,,
52,Te,tellurium,[Kr],52,76,16,5,2,0,0,V,4,0,0,0,N,4,,,| 14,,
52,Te,tellurium,[Kr],52,76,16,5,3,0,0,V,4,0,0,0,N,4,,,,,
52,Te,tellurium,[Kr],52,76,16,5,4,0,0,H,4,0,0,0,N,4,,,- 4,| 9,–13
52,Te,tellurium,[Kr],52,76,16,5,5,0,0,H,4,0,0,0,N,4,,- 18,| 2,- 16,
52,Te,tellurium,[Kr],52,76,16,5,6,0,0,V,4,0,0,0,N,4,–10,| 6,- 1,| 7,–12
52,Te,tellurium,[Kr],52,76,16,5,7,0,0,V,4,0,0,0,N,4,,- 17,| 3,-19,
52,Te,tellurium,[Kr],52,76,16,5,8,0,0,V,4,0,0,0,N,4,- 11,| 8,- 5,,
52,Te,tellurium,[Kr],52,76,16,5,9,0,0,V,4,0,0,0,N,4,,,,,
52,Te,tellurium,[Kr],52,76,16,5,10,0,0,H,2,0,0,0,N,2,,,| 15,,
52,Te,tellurium,[Kr],52,76,16,5,11,0,0,H,2,0,0,0,N,2,,,,,
52,Te,tellurium,[Kr],52,76,16,5,12,0,0,H,2,0,0,0,N,2,,,,,
52,Te,tellurium,[Kr],52,76,16,5,13,0,0,H,2,0,0,0,N,2,,,,,
52,Te,tellurium,[Kr],52,76,16,5,14,0,0,V,2,0,0,0,Y,2,,,,,
52,Te,tellurium,[Kr],52,76,16,5,15,0,0,V,2,0,0,0,Y,2,,,,,
52,Te,tellurium,[Kr],52,76,16,5,16,0,0,H,0,0,0,0,Y,0,,,,,
52,Te,tellurium,[Kr],52,76,16,5,17,0,0,H,0,0,0,0,Y,0,,,,,
52,Te,tellurium,[Kr],52,76,16,5,18,0,0,H,2,0,0,0,N,2,,,,,
52,Te,tellurium,[Kr],52,76,16,5,19,0,0,H,2,0,0,0,N,2,,,,,
53,I,iodine,[Kr],53,74,17,5,1,0,0,H,4,0,0,0,N,4,,,,,
53,I,iodine,[Kr],53,74,17,5,2,0,0,V,4,0,0,0,N,4,,,| 14,,
53,I,iodine,[Kr],53,74,17,5,3,0,0,V,4,0,0,0,N,4,,,,,
53,I,iodine,[Kr],53,74,17,5,4,0,0,H,4,0,0,0,N,4,,,- 4,| 9,–13
53,I,iodine,[Kr],53,74,17,5,5,0,0,H,4,0,0,0,N,4,,- 18,| 2,- 16,
53,I,iodine,[Kr],53,74,17,5,6,0,0,V,4,0,0,0,N,4,–10,| 6,- 1,| 7,–12
53,I,iodine,[Kr],53,74,17,5,7,0,0,V,4,0,0,0,N,4,,- 17,| 3,-19,
53,I,iodine,[Kr],53,74,17,5,8,0,0,V,4,0,0,0,N,4,- 11,| 8,- 5,,
53,I,iodine,[Kr],53,74,17,5,9,0,0,V,4,0,0,0,N,4,,,,,
53,I,iodine,[Kr],53,74,17,5,10,0,0,H,2,0,0,0,N,2,,,| 15,,
53,I,iodine,[Kr],53,74,17,5,11,0,0,H,2,0,0,0,N,2,,,,,
53,I,iodine,[Kr],53,74,17,5,12,0,0,H,2,0,0,0,N,2,,,,,
53,I,iodine,[Kr],53,74,17,5,13,0,0,H,2,0,0,0,N,2,,,,,
53,I,iodine,[Kr],53,74,17,5,14,0,0,V,2,0,0,0,Y,2,,,,,
53,I,iodine,[Kr],53,74,17,5,15,0,0,V,2,0,0,0,Y,2,,,,,
53,I,iodine,[Kr],53,74,17,5,16,0,0,H,2,0,0,0,N,2,,,,,
53,I,iodine,[Kr],53,74,17,5,17,0,0,H,1,0,0,0,Y,1,,,,,
53,I,iodine,[Kr],53,74,17,5,18,0,0,H,1,0,0,0,Y,1,,,,,
53,I,iodine,[Kr],53,74,17,5,19,0,0,H,1,0,0,0,Y,1,,,,,
54,Xe,xenon,[Kr],54,77,18,5,1,0,0,H,6,0,0,0,N,6,,,,,
54,Xe,xenon,[Kr],54,77,18,5,2,0,0,V,6,0,0,0,N,6,,,| 14,,
54,Xe,xenon,[Kr],54,77,18,5,3,0,0,V,6,0,0,0,N,6,,,,,
54,Xe,xenon,[Kr],54,77,18,5,4,0,0,H,6,0,0,0,N,6,,,- 4,| 9,–13
54,Xe,xenon,[Kr],54,77,18,5,5,0,0,H,6,0,0,0,N,6,,- 18,| 2,-16,
54,Xe,xenon,[Kr],54,77,18,5,6,0,0,V,6,0,0,0,N,6,–10,| 6,- 1,| 7,–12
54,Xe,xenon,[Kr],54,77,18,5,7,0,0,V,6,0,0,0,N,6,,- 17,| 3,-19,
54,Xe,xenon,[Kr],54,77,18,5,8,0,0,V,6,0,0,0,N,6,- 11,| 8,- 5,,
54,Xe,xenon,[Kr],54,77,18,5,9,0,0,V,6,0,0,0,N,6,,,,,
54,Xe,xenon,[Kr],54,77,18,5,10,0,0,H,0,0,0,0,N,0,,,| 15,,
54,Xe,xenon,[Kr],54,77,18,5,11,0,0,H,0,0,0,0,N,0,,,,,
54,Xe,xenon,[Kr],54,77,18,5,12,0,0,H,0,0,0,0,N,0,,,,,
54,Xe,xenon,[Kr],54,77,18,5,13,0,0,H,0,0,0,0,N,0,,,,,
54,Xe,xenon,[Kr],54,77,18,5,14,0,0,V,0,0,0,0,N,0,,,,,
54,Xe,xenon,[Kr],54,77,18,5,15,0,0,V,0,0,0,0,N,0,,,,,
54,Xe,xenon,[Kr],54,77,18,5,16,0,0,H,0,0,0,0,N,0,,,,,
54,Xe,xenon,[Kr],54,77,18,5,17,0,0,H,0,0,0,0,N,0,,,,,
54,Xe,xenon,[Kr],54,77,18,5,18,0,0,H,0,0,0,0,N,0,,,,,
54,Xe,xenon,[Kr],54,77,18,5,19,0,0,H,0,0,0,0,N,0,,,,,
55,Cs,caesium,[Xe],55,78,1,6,1,0,0,H,6,0,0,0,N,6,,,,,
55,Cs,caesium,[Xe],55,78,1,6,2,0,0,V,6,0,0,0,N,6,,,| 14,,
55,Cs,caesium,[Xe],55,78,1,6,3,0,0,V,6,0,0,0,N,6,,,,,
55,Cs,caesium,[Xe],55,78,1,6,4,0,0,H,6,0,0,0,N,6,,,- 4,| 9,–13
55,Cs,caesium,[Xe],55,78,1,6,5,0,0,H,6,0,0,0,N,6,,- 18,| 2,-16,
55,Cs,caesium,[Xe],55,78,1,6,6,0,0,V,6,0,0,0,N,6,–10,| 6,- 1,| 7,–12
55,Cs,caesium,[Xe],55,78,1,6,7,0,0,V,6,0,0,0,N,6,,- 17,| 3,-19,
55,Cs,caesium,[Xe],55,78,1,6,8,0,0,V,6,0,0,0,N,6,- 11,| 8,- 5,,
55,Cs,caesium,[Xe],55,78,1,6,9,0,0,V,6,0,0,0,N,6,,,,,
55,Cs,caesium,[Xe],55,78,1,6,10,0,0,H,0,0,0,0,N,0,,,| 15,,
55,Cs,caesium,[Xe],55,78,1,6,11,0,0,H,0,0,0,0,N,0,,,,,
55,Cs,caesium,[Xe],55,78,1,6,12,0,0,H,0,0,0,0,N,0,,,,,
55,Cs,caesium,[Xe],55,78,1,6,13,0,0,H,0,0,0,0,N,0,,,,,
55,Cs,caesium,[Xe],55,78,1,6,14,0,0,V,0,0,0,0,N,0,,,,,
55,Cs,caesium,[Xe],55,78,1,6,15,0,0,V,1,0,0,0,Y,1,,,,,
55,Cs,caesium,[Xe],55,78,1,6,16,0,0,H,0,0,0,0,N,0,,,,,
55,Cs,caesium,[Xe],55,78,1,6,17,0,0,H,0,0,0,0,N,0,,,,,
55,Cs,caesium,[Xe],55,78,1,6,18,0,0,H,0,0,0,0,N,0,,,,,
55,Cs,caesium,[Xe],55,78,1,6,19,0,0,H,0,0,0,0,N,0,,,,,
56,Ba,barium,[Xe],56,81,2,6,1,0,0,H,6,0,0,0,N,6,,,,,
56,Ba,barium,[Xe],56,81,2,6,2,0,0,V,6,0,0,0,N,6,,,| 14,,
56,Ba,barium,[Xe],56,81,2,6,3,0,0,V,6,0,0,0,N,6,,,,,
56,Ba,barium,[Xe],56,81,2,6,4,0,0,H,6,0,0,0,N,6,,,- 4,| 9,–13
56,Ba,barium,[Xe],56,81,2,6,5,0,0,H,6,0,0,0,N,6,,- 18,| 2,-16,
56,Ba,barium,[Xe],56,81,2,6,6,0,0,V,6,0,0,0,N,6,–10,| 6,- 1,| 7,–12
56,Ba,barium,[Xe],56,81,2,6,7,0,0,V,6,0,0,0,N,6,,- 17,| 3,-19,
56,Ba,barium,[Xe],56,81,2,6,8,0,0,V,6,0,0,0,N,6,- 11,| 8,- 5,,
56,Ba,barium,[Xe],56,81,2,6,9,0,0,V,6,0,0,0,N,6,,,,,
56,Ba,barium,[Xe],56,81,2,6,10,0,0,H,0,0,0,0,N,0,,,| 15,,
56,Ba,barium,[Xe],56,81,2,6,11,0,0,H,0,0,0,0,N,0,,,,,
56,Ba,barium,[Xe],56,81,2,6,12,0,0,H,0,0,0,0,N,0,,,,,
56,Ba,barium,[Xe],56,81,2,6,13,0,0,H,0,0,0,0,N,0,,,,,
56,Ba,barium,[Xe],56,81,2,6,14,0,0,V,1,0,0,0,Y,1,,,,,
56,Ba,barium,[Xe],56,81,2,6,15,0,0,V,1,0,0,0,Y,1,,,,,
56,Ba,barium,[Xe],56,81,2,6,16,0,0,H,0,0,0,0,N,0,,,,,
56,Ba,barium,[Xe],56,81,2,6,17,0,0,H,0,0,0,0,N,0,,,,,
56,Ba,barium,[Xe],56,81,2,6,18,0,0,H,0,0,0,0,N,0,,,,,
56,Ba,barium,[Xe],56,81,2,6,19,0,0,H,0,0,0,0,N,0,,,,,
57,La,lanthanum,[Xe],57,82,,6,1,0,0,H,5,0,0,0,N,5,,,,,
57,La,lanthanum,[Xe],57,82,,6,2,0,0,V,5,0,0,0,N,5,,,| 14,,
57,La,lanthanum,[Xe],57,82,,6,3,0,0,V,5,0,0,0,N,5,,,,,
57,La,lanthanum,[Xe],57,82,,6,4,0,0,H,5,0,0,0,N,5,,,- 4,| 9,–13
57,La,lanthanum,[Xe],57,82,,6,5,0,0,H,5,0,0,0,N,5,,- 18,| 2,-16,
57,La,lanthanum,[Xe],57,82,,6,6,0,0,V,5,0,0,0,N,5,–10,| 6,- 1,| 7,–12
57,La,lanthanum,[Xe],57,82,,6,7,0,0,V,5,0,0,0,N,5,,- 17,| 3,-19,
57,La,lanthanum,[Xe],57,82,,6,8,0,0,V,5,0,0,0,N,5,- 11,| 8,- 5,,
57,La,lanthanum,[Xe],57,82,,6,9,0,0,V,5,0,0,0,N,5,,,,,
57,La,lanthanum,[Xe],57,82,,6,10,0,0,H,1,0,0,0,Y,1,,,| 15,,
57,La,lanthanum,[Xe],57,82,,6,11,0,0,H,2,0,0,0,N,2,,,,,
57,La,lanthanum,[Xe],57,82,,6,12,0,0,H,1,0,0,0,Y,1,,,,,
57,La,lanthanum,[Xe],57,82,,6,13,0,0,H,2,0,0,0,N,2,,,,,
57,La,lanthanum,[Xe],57,82,,6,14,0,0,V,1,0,0,0,Y,1,,,,,
57,La,lanthanum,[Xe],57,82,,6,15,0,0,V,2,0,0,0,Y,2,,,,,
57,La,lanthanum,[Xe],57,82,,6,16,0,0,H,0,0,0,0,N,0,,,,,
57,La,lanthanum,[Xe],57,82,,6,17,0,0,H,0,0,0,0,N,0,,,,,
57,La,lanthanum,[Xe],57,82,,6,18,0,0,H,2,0,0,0,N,2,,,,,
57,La,lanthanum,[Xe],57,82,,6,19,0,0,H,1,0,0,0,Y,1,,,,,
58,Ce,cerium,[Xe],58,82,,6,1,0,0,H,5,0,0,0,N,5,,,,,
58,Ce,cerium,[Xe],58,82,,6,2,0,0,V,5,0,0,0,N,5,,,| 14,,
58,Ce,cerium,[Xe],58,82,,6,3,0,0,V,5,0,0,0,N,5,,,,,
58,Ce,cerium,[Xe],58,82,,6,4,0,0,H,5,0,0,0,N,5,,,- 4,| 9,–13
58,Ce,cerium,[Xe],58,82,,6,5,0,0,H,5,0,0,0,N,5,,- 18,| 2,-16,
58,Ce,cerium,[Xe],58,82,,6,6,0,0,V,5,0,0,0,N,5,–10,| 6,- 1,| 7,–12
58,Ce,cerium,[Xe],58,82,,6,7,0,0,V,5,0,0,0,N,5,,- 17,| 3,-19,
58,Ce,cerium,[Xe],58,82,,6,8,0,0,V,5,0,0,0,N,5,- 11,| 8,- 5,,
58,Ce,cerium,[Xe],58,82,,6,9,0,0,V,5,0,0,0,N,5,,,,,
58,Ce,cerium,[Xe],58,82,,6,10,0,0,H,1,0,0,0,Y,1,,,| 15,,
58,Ce,cerium,[Xe],58,82,,6,11,0,0,H,2,0,0,0,N,2,,,,,
58,Ce,cerium,[Xe],58,82,,6,12,0,0,H,1,0,0,0,Y,1,,,,,
58,Ce,cerium,[Xe],58,82,,6,13,0,0,H,2,0,0,0,N,2,,,,,
58,Ce,cerium,[Xe],58,82,,6,14,0,0,V,1,0,0,0,Y,1,,,,,
58,Ce,cerium,[Xe],58,82,,6,15,0,0,V,2,0,0,0,Y,2,,,,,
58,Ce,cerium,[Xe],58,82,,6,16,0,0,H,0,0,0,0,N,0,,,,,
58,Ce,cerium,[Xe],58,82,,6,17,0,0,H,0,0,0,0,N,0,,,,,
58,Ce,cerium,[Xe],58,82,,6,18,0,0,H,2,0,0,0,N,2,,,,,
58,Ce,cerium,[Xe],58,82,,6,19,0,0,H,2,0,0,0,N,2,,,,,
59,Pr,praseodymium,[Xe],59,82,,6,1,0,0,H,5,0,0,0,N,5,,,,,
59,Pr,praseodymium,[Xe],59,82,,6,2,0,0,V,5,0,0,0,N,5,,,| 14,,
59,Pr,praseodymium,[Xe],59,82,,6,3,0,0,V,5,0,0,0,N,5,,,,,
59,Pr,praseodymium,[Xe],59,82,,6,4,0,0,H,5,0,0,0,N,5,,,- 4,| 9,–13
59,Pr,praseodymium,[Xe],59,82,,6,5,0,0,H,5,0,0,0,N,5,,- 18,| 2,-16,
59,Pr,praseodymium,[Xe],59,82,,6,6,0,0,V,5,0,0,0,N,5,–10,| 6,- 1,| 7,–12
59,Pr,praseodymium,[Xe],59,82,,6,7,0,0,V,5,0,0,0,N,5,,- 17,| 3,-19,
59,Pr,praseodymium,[Xe],59,82,,6,8,0,0,V,5,0,0,0,N,5,- 11,| 8,- 5,,
59,Pr,praseodymium,[Xe],59,82,,6,9,0,0,V,5,0,0,0,N,5,,,,,
59,Pr,praseodymium,[Xe],59,82,,6,10,0,0,H,1,0,0,0,Y,1,,,| 15,,
59,Pr,praseodymium,[Xe],59,82,,6,11,0,0,H,2,0,0,0,N,2,,,,,
59,Pr,praseodymium,[Xe],59,82,,6,12,0,0,H,1,0,0,0,Y,1,,,,,
59,Pr,praseodymium,[Xe],59,82,,6,13,0,0,H,2,0,0,0,N,2,,,,,
59,Pr,praseodymium,[Xe],59,82,,6,14,0,0,V,1,0,0,0,Y,1,,,,,
59,Pr,praseodymium,[Xe],59,82,,6,15,0,0,V,2,0,0,0,Y,2,,,,,
59,Pr,praseodymium,[Xe],59,82,,6,16,0,0,H,0,0,0,0,N,0,,,,,
59,Pr,praseodymium,[Xe],59,82,,6,17,0,0,H,1,0,0,0,Y,1,,,,,
59,Pr,praseodymium,[Xe],59,82,,6,18,0,0,H,2,0,0,0,N,2,,,,,
59,Pr,praseodymium,[Xe],59,82,,6,19,0,0,H,2,0,0,0,N,2,,,,,
60,Nd,neodymium,[Xe],60,84,,6,1,0,0,H,5,0,0,0,N,5,,,,,
60,Nd,neodymium,[Xe],60,84,,6,2,0,0,V,5,0,0,0,N,5,,,| 14,,
60,Nd,neodymium,[Xe],60,84,,6,3,0,0,V,5,0,0,0,N,5,,,,,
60,Nd,neodymium,[Xe],60,84,,6,4,0,0,H,5,0,0,0,N,5,,,- 4,| 9,–13
60,Nd,neodymium,[Xe],60,84,,6,5,0,0,H,5,0,0,0,N,5,,- 18,| 2,-16,
60,Nd,neodymium,[Xe],60,84,,6,6,0,0,V,5,0,0,0,N,5,–10,| 6,- 1,| 7,–12
60,Nd,neodymium,[Xe],60,84,,6,7,0,0,V,5,0,0,0,N,5,,- 17,| 3,-19,
60,Nd,neodymium,[Xe],60,84,,6,8,0,0,V,5,0,0,0,N,5,- 11,| 8,- 5,,
60,Nd,neodymium,[Xe],60,84,,6,9,0,0,V,5,0,0,0,N,5,,,,,
60,Nd,neodymium,[Xe],60,84,,6,10,0,0,H,2,0,0,0,N,2,,,| 15,,
60,Nd,neodymium,[Xe],60,84,,6,11,0,0,H,2,0,0,0,N,2,,,,,
60,Nd,neodymium,[Xe],60,84,,6,12,0,0,H,1,0,0,0,Y,1,,,,,
60,Nd,neodymium,[Xe],60,84,,6,13,0,0,H,2,0,0,0,N,2,,,,,
60,Nd,neodymium,[Xe],60,84,,6,14,0,0,V,2,0,0,0,Y,2,,,,,
60,Nd,neodymium,[Xe],60,84,,6,15,0,0,V,1,0,0,0,Y,1,,,,,
60,Nd,neodymium,[Xe],60,84,,6,16,0,0,H,0,0,0,0,N,0,,,,,
60,Nd,neodymium,[Xe],60,84,,6,17,0,0,H,1,0,0,0,Y,1,,,,,
60,Nd,neodymium,[Xe],60,84,,6,18,0,0,H,2,0,0,0,N,2,,,,,
60,Pm,neodymium,[Xe],60,84,,6,19,0,0,H,2,0,0,0,N,2,,,,,
61,Pm,promethium,[Xe],61,84,,6,1,0,0,H,5,0,0,0,N,5,,,,,
61,Pm,promethium,[Xe],61,84,,6,2,0,0,V,5,0,0,0,N,5,,,| 14,,
61,Pm,promethium,[Xe],61,84,,6,3,0,0,V,5,0,0,0,N,5,,,,,
61,Pm,promethium,[Xe],61,84,,6,4,0,0,H,5,0,0,0,N,5,,,- 4,| 9,–13
61,Pm,promethium,[Xe],61,84,,6,5,0,0,H,5,0,0,0,N,5,,- 18,| 2,-16,
61,Pm,promethium,[Xe],61,84,,6,6,0,0,V,5,0,0,0,N,5,–10,| 6,- 1,| 7,–12
61,Pm,promethium,[Xe],61,84,,6,7,0,0,V,5,0,0,0,N,5,,- 17,| 3,-19,
61,Pm,promethium,[Xe],61,84,,6,8,0,0,V,5,0,0,0,N,5,- 11,| 8,- 5,,
61,Pm,promethium,[Xe],61,84,,6,9,0,0,V,5,0,0,0,N,5,,,,,
61,Pm,promethium,[Xe],61,84,,6,10,0,0,H,2,0,0,0,N,2,,,| 15,,
61,Pm,promethium,[Xe],61,84,,6,11,0,0,H,2,0,0,0,N,2,,,,,
61,Pm,promethium,[Xe],61,84,,6,12,0,0,H,1,0,0,0,Y,1,,,,,
61,Pm,promethium,[Xe],61,84,,6,13,0,0,H,2,0,0,0,N,2,,,,,
61,Pm,promethium,[Xe],61,84,,6,14,0,0,V,2,0,0,0,Y,2,,,,,
61,Pm,promethium,[Xe],61,84,,6,15,0,0,V,1,0,0,0,Y,1,,,,,
61,Pm,promethium,[Xe],61,84,,6,16,0,0,H,1,0,0,0,N,1,,,,,
61,Pm,promethium,[Xe],61,84,,6,17,0,0,H,1,0,0,0,Y,1,,,,,
61,Pm,promethium,[Xe],61,84,,6,18,0,0,H,2,0,0,0,N,2,,,,,
61,Pm,promethium,[Xe],61,84,,6,19,0,0,H,2,0,0,0,N,2,,,,,
62,Sm,samarium,[Xe],62,88,,6,1,0,0,H,5,0,0,0,N,5,,,,,
62,Sm,samarium,[Xe],62,88,,6,2,0,0,V,5,0,0,0,N,5,,,| 14,,
62,Sm,samarium,[Xe],62,88,,6,3,0,0,V,5,0,0,0,N,5,,,,,
62,Sm,samarium,[Xe],62,88,,6,4,0,0,H,5,0,0,0,N,5,,,- 4,| 9,–13
62,Sm,samarium,[Xe],62,88,,6,5,0,0,H,5,0,0,0,N,5,,- 18,| 2,-16,
62,Sm,samarium,[Xe],62,88,,6,6,0,0,V,5,0,0,0,N,5,–10,| 6,- 1,| 7,–12
62,Sm,samarium,[Xe],62,88,,6,7,0,0,V,5,0,0,0,N,5,,- 17,| 3,-19,
62,Sm,samarium,[Xe],62,88,,6,8,0,0,V,5,0,0,0,N,5,- 11,| 8,- 5,,
62,Sm,samarium,[Xe],62,88,,6,9,0,0,V,5,0,0,0,N,5,,,,,
62,Sm,samarium,[Xe],62,88,,6,10,0,0,H,2,0,0,0,N,2,,,| 15,,
62,Sm,samarium,[Xe],62,88,,6,11,0,0,H,2,0,0,0,N,2,,,,,
62,Sm,samarium,[Xe],62,88,,6,12,0,0,H,2,0,0,0,N,2,,,,,
62,Sm,samarium,[Xe],62,88,,6,13,0,0,H,2,0,0,0,N,2,,,,,
62,Sm,samarium,[Xe],62,88,,6,14,0,0,V,2,0,0,0,Y,2,,,,,
62,Sm,samarium,[Xe],62,88,,6,15,0,0,V,2,0,0,0,Y,2,,,,,
62,Sm,samarium,[Xe],62,88,,6,16,0,0,H,0,0,0,0,N,0,,,,,
62,Sm,samarium,[Xe],62,88,,6,17,0,0,H,1,0,0,0,Y,1,,,,,
62,Sm,samarium,[Xe],62,88,,6,18,0,0,H,2,0,0,0,N,2,,,,,
62,Sm,samarium,[Xe],62,88,,6,19,0,0,H,2,0,0,0,N,2,,,,,
63,Eu,europium,[Xe],63,89,,6,1,0,0,H,5,0,0,0,N,5,,,,,
63,Eu,europium,[Xe],63,89,,6,2,0,0,V,5,0,0,0,N,5,,,| 14,,
63,Eu,europium,[Xe],63,89,,6,3,0,0,V,5,0,0,0,N,5,,,,,
63,Eu,europium,[Xe],63,89,,6,4,0,0,H,5,0,0,0,N,5,,,- 4,| 9,–13
63,Eu,europium,[Xe],63,89,,6,5,0,0,H,5,0,0,0,N,5,,- 18,| 2,-16,
63,Eu,europium,[Xe],63,89,,6,6,0,0,V,5,0,0,0,N,5,–10,| 6,- 1,| 7,–12
63,Eu,europium,[Xe],63,89,,6,7,0,0,V,5,0,0,0,N,5,,- 17,| 3,-19,
63,Eu,europium,[Xe],63,89,,6,8,0,0,V,5,0,0,0,N,5,- 11,| 8,- 5,,
63,Eu,europium,[Xe],63,89,,6,9,0,0,V,5,0,0,0,N,5,,,,,
63,Eu,europium,[Xe],63,89,,6,10,0,0,H,2,0,0,0,N,2,,,| 15,,
63,Eu,europium,[Xe],63,89,,6,11,0,0,H,3,0,0,0,N,3,,,,,
63,Eu,europium,[Xe],63,89,,6,12,0,0,H,2,0,0,0,N,2,,,,,
63,Eu,europium,[Xe],63,89,,6,13,0,0,H,3,0,0,0,N,3,,,,,
63,Eu,europium,[Xe],63,89,,6,14,0,0,V,2,0,0,0,Y,2,,,,,
63,Eu,europium,[Xe],63,89,,6,15,0,0,V,3,0,0,0,Y,3,,,,,
63,Eu,europium,[Xe],63,89,,6,16,0,0,H,0,0,0,0,N,0,,,,,
63,Eu,europium,[Xe],63,89,,6,17,0,0,H,0,0,0,0,N,0,,,,,
63,Eu,europium,[Xe],63,89,,6,18,0,0,H,2,0,0,0,N,2,,,,,
63,Eu,europium,[Xe],63,89,,6,19,0,0,H,1,0,0,0,Y,1,,,,,
64,Gd,gadolinium,[Xe],64,93,,6,1,0,0,H,5,0,0,0,N,5,,,,,
64,Gd,gadolinium,[Xe],64,93,,6,2,0,0,V,5,0,0,0,N,5,,,| 14,,
64,Gd,gadolinium,[Xe],64,93,,6,3,0,0,V,5,0,0,0,N,5,,,,,
64,Gd,gadolinium,[Xe],64,93,,6,4,0,0,H,5,0,0,0,N,5,,,- 4,| 9,–13
64,Gd,gadolinium,[Xe],64,93,,6,5,0,0,H,5,0,0,0,N,5,,- 18,| 2,-16,
64,Gd,gadolinium,[Xe],64,93,,6,6,0,0,V,5,0,0,0,N,5,–10,| 6,- 1,| 7,–12
64,Gd,gadolinium,[Xe],64,93,,6,7,0,0,V,5,0,0,0,N,5,,- 17,| 3,-19,
64,Gd,gadolinium,[Xe],64,93,,6,8,0,0,V,5,0,0,0,N,5,- 11,| 8,- 5,,
64,Gd,gadolinium,[Xe],64,93,,6,9,0,0,V,5,0,0,0,N,5,,,,,
64,Gd,gadolinium,[Xe],64,93,,6,10,0,0,H,2,0,0,0,N,2,,,| 15,,
64,Gd,gadolinium,[Xe],64,93,,6,11,0,0,H,3,0,0,0,N,3,,,,,
64,Gd,gadolinium,[Xe],64,93,,6,12,0,0,H,2,0,0,0,N,2,,,,,
64,Gd,gadolinium,[Xe],64,93,,6,13,0,0,H,3,0,0,0,N,3,,,,,
64,Gd,gadolinium,[Xe],64,93,,6,14,0,0,V,2,0,0,0,Y,2,,,,,
64,Gd,gadolinium,[Xe],64,93,,6,15,0,0,V,3,0,0,0,Y,3,,,,,
64,Gd,gadolinium,[Xe],64,93,,6,16,0,0,H,2,0,0,0,N,2,,,,,
64,Gd,gadolinium,[Xe],64,93,,6,17,0,0,H,0,0,0,0,N,0,,,,,
64,Gd,gadolinium,[Xe],64,93,,6,18,0,0,H,2,0,0,0,N,2,,,,,
64,Gd,gadolinium,[Xe],64,93,,6,19,0,0,H,0,0,0,0,N,0,,,,,
65,Tb,terbium,[Xe],65,94,,6,1,0,0,H,5,0,0,0,N,5,,,,,
65,Tb,terbium,[Xe],65,94,,6,2,0,0,V,5,0,0,0,N,5,,,| 14,,
65,Tb,terbium,[Xe],65,94,,6,3,0,0,V,5,0,0,0,N,5,,,,,
65,Tb,terbium,[Xe],65,94,,6,4,0,0,H,5,0,0,0,N,5,,,- 4,| 9,–13
65,Tb,terbium,[Xe],65,94,,6,5,0,0,H,5,0,0,0,N,5,,- 18,| 2,-16,
65,Tb,terbium,[Xe],65,94,,6,6,0,0,V,5,0,0,0,N,5,–10,| 6,- 1,| 7,–12
65,Tb,terbium,[Xe],65,94,,6,7,0,0,V,5,0,0,0,N,5,,- 17,| 3,-19,
65,Tb,terbium,[Xe],65,94,,6,8,0,0,V,5,0,0,0,N,5,- 11,| 8,- 5,,
65,Tb,terbium,[Xe],65,94,,6,9,0,0,V,5,0,0,0,N,5,,,,,
65,Tb,terbium,[Xe],65,94,,6,10,0,0,H,2,0,0,0,N,2,,,| 15,,
65,Tb,terbium,[Xe],65,94,,6,11,0,0,H,3,0,0,0,N,3,,,,,
65,Tb,terbium,[Xe],65,94,,6,12,0,0,H,2,0,0,0,N,2,,,,,
65,Tb,terbium,[Xe],65,94,,6,13,0,0,H,3,0,0,0,N,3,,,,,
65,Tb,terbium,[Xe],65,94,,6,14,0,0,V,2,0,0,0,Y,2,,,,,
65,Tb,terbium,[Xe],65,94,,6,15,0,0,V,3,0,0,0,Y,3,,,,,
65,Tb,terbium,[Xe],65,94,,6,16,0,0,H,2,0,0,0,N,2,,,,,
66,Tb,terbium,[Xe],65,94,,6,17,0,0,H,1,0,0,0,Y,1,,,,,
65,Tb,terbium,[Xe],65,94,,6,18,0,0,H,2,0,0,0,N,2,,,,,
65,Tb,terbium,[Xe],65,94,,6,19,0,0,H,0,0,0,0,N,0,,,,,
66,Dy,dysprosium,[Xe],66,97,,6,1,0,0,H,5,0,0,0,N,5,,,,,
66,Dy,dysprosium,[Xe],66,97,,6,2,0,0,V,5,0,0,0,N,5,,,| 14,,
66,Dy,dysprosium,[Xe],66,97,,6,3,0,0,V,5,0,0,0,N,5,,,,,
66,Dy,dysprosium,[Xe],66,97,,6,4,0,0,H,5,0,0,0,N,5,,,- 4,| 9,–13
66,Dy,dysprosium,[Xe],66,97,,6,5,0,0,H,5,0,0,0,N,5,,- 18,| 2,-16,
66,Dy,dysprosium,[Xe],66,97,,6,6,0,0,V,5,0,0,0,N,5,–10,| 6,- 1,| 7,–12
66,Dy,dysprosium,[Xe],66,97,,6,7,0,0,V,5,0,0,0,N,5,,- 17,| 3,-19,
66,Dy,dysprosium,[Xe],66,97,,6,8,0,0,V,5,0,0,0,N,5,- 11,| 8,- 5,,
66,Dy,dysprosium,[Xe],66,97,,6,9,0,0,V,5,0,0,0,N,5,,,,,
66,Dy,dysprosium,[Xe],66,97,,6,10,0,0,H,2,0,0,0,N,2,,,| 15,,
66,Dy,dysprosium,[Xe],66,97,,6,11,0,0,H,3,0,0,0,N,3,,,,,
66,Dy,dysprosium,[Xe],66,97,,6,12,0,0,H,2,0,0,0,N,2,,,,,
66,Dy,dysprosium,[Xe],66,97,,6,13,0,0,H,3,0,0,0,N,3,,,,,
66,Dy,dysprosium,[Xe],66,97,,6,14,0,0,V,3,0,0,0,Y,3,,,,,
66,Dy,dysprosium,[Xe],66,97,,6,15,0,0,V,4,0,0,0,Y,4,,,,,
66,Dy,dysprosium,[Xe],66,97,,6,16,0,0,H,0,0,0,0,N,0,,,,,
66,Dy,dysprosium,[Xe],66,97,,6,17,0,0,H,0,0,0,0,N,0,,,,,
66,Dy,dysprosium,[Xe],66,97,,6,18,0,0,H,2,0,0,0,N,2,,,,,
66,Dy,dysprosium,[Xe],66,97,,6,19,0,0,H,2,0,0,0,N,2,,,,,
67,Ho,holmium,[Xe],67,98,,6,1,0,0,H,5,0,0,0,N,5,,,,,
67,Ho,holmium,[Xe],67,98,,6,2,0,0,V,5,0,0,0,N,5,,,| 14,,
67,Ho,holmium,[Xe],67,98,,6,3,0,0,V,5,0,0,0,N,5,,,,,
67,Ho,holmium,[Xe],67,98,,6,4,0,0,H,d,0,0,0,N,d,,,- 4,| 9,–13
67,Ho,holmium,[Xe],67,98,,6,5,0,0,H,5,0,0,0,N,5,,- 18,| 2,-16,
67,Ho,holmium,[Xe],67,98,,6,6,0,0,V,5,0,0,0,N,5,–10,| 6,- 1,| 7,–12
67,Ho,holmium,[Xe],67,98,,6,7,0,0,V,5,0,0,0,N,5,,- 17,| 3,-19,
67,Ho,holmium,[Xe],67,98,,6,8,0,0,V,5,0,0,0,N,5,- 11,| 8,- 5,,
67,Ho,holmium,[Xe],67,98,,6,9,0,0,V,5,0,0,0,N,5,,,,,
67,Ho,holmium,[Xe],67,98,,6,10,0,0,H,3,0,0,0,N,3,,,| 15,,
67,Ho,holmium,[Xe],67,98,,6,11,0,0,H,3,0,0,0,N,3,,,,,
67,Ho,holmium,[Xe],67,98,,6,12,0,0,H,3,0,0,0,N,3,,,,,
67,Ho,holmium,[Xe],67,98,,6,13,0,0,H,3,0,0,0,N,3,,,,,
67,Ho,holmium,[Xe],67,98,,6,14,0,0,V,3,0,0,0,Y,3,,,,,
67,Ho,holmium,[Xe],67,98,,6,15,0,0,V,3,0,0,0,Y,3,,,,,
67,Ho,holmium,[Xe],67,98,,6,16,0,0,H,0,0,0,0,N,0,,,,,
67,Ho,holmium,[Xe],67,98,,6,17,0,0,H,0,0,0,0,N,0,,,,,
67,Ho,holmium,[Xe],67,98,,6,18,0,0,H,2,0,0,0,N,2,,,,,
67,Ho,holmium,[Xe],67,98,,6,19,0,0,H,2,0,0,0,N,2,,,,,
68,Er,erbium,[Xe],68,99,,6,1,0,0,H,5,0,0,0,N,5,,,,,
68,Er,erbium,[Xe],68,99,,6,2,0,0,V,5,0,0,0,N,5,,,| 14,,
68,Er,erbium,[Xe],68,99,,6,3,0,0,V,5,0,0,0,N,5,,,,,
68,Er,erbium,[Xe],68,99,,6,4,0,0,H,5,0,0,0,N,5,,,- 4,| 9,–13
68,Er,erbium,[Xe],68,99,,6,5,0,0,H,5,0,0,0,N,5,,- 18,| 2,-16,
68,Er,erbium,[Xe],68,99,,6,6,0,0,V,5,0,0,0,N,5,–10,| 6,- 1,| 7,–12
68,Er,erbium,[Xe],68,99,,6,7,0,0,V,5,0,0,0,N,5,,- 17,| 3,-19,
68,Er,erbium,[Xe],68,99,,6,8,0,0,V,5,0,0,0,N,5,- 11,| 8,- 5,,
68,Er,erbium,[Xe],68,99,,6,9,0,0,V,5,0,0,0,N,5,,,,,
68,Er,erbium,[Xe],68,99,,6,10,0,0,H,4,0,0,0,N,4,,,| 15,,
68,Er,erbium,[Xe],68,99,,6,11,0,0,H,3,0,0,0,N,3,,,,,
68,Er,erbium,[Xe],68,99,,6,12,0,0,H,4,0,0,0,N,4,,,,,
68,Er,erbium,[Xe],68,99,,6,13,0,0,H,3,0,0,0,N,3,,,,,
68,Er,erbium,[Xe],68,99,,6,14,0,0,V,3,0,0,0,Y,3,,,,,
68,Er,erbium,[Xe],68,99,,6,15,0,0,V,4,0,0,0,Y,4,,,,,
68,Er,erbium,[Xe],68,99,,6,16,0,0,H,0,0,0,0,N,0,,,,,
68,Er,erbium,[Xe],68,99,,6,17,0,0,H,1,0,0,0,Y,1,,,,,
68,Er,erbium,[Xe],68,99,,6,18,0,0,H,0,0,0,0,N,0,,,,,
68,Er,erbium,[Xe],68,99,,6,19,0,0,H,1,0,0,0,Y,1,,,,,
69,Tm,thulium,[Xe],69,100,,6,1,0,0,H,5,0,0,0,N,5,,,,,
69,Tm,thulium,[Xe],69,100,,6,2,0,0,V,5,0,0,0,N,5,,,| 14,,
69,Tm,thulium,[Xe],69,100,,6,3,0,0,V,5,0,0,0,N,5,,,,,
69,Tm,thulium,[Xe],69,100,,6,4,0,0,H,5,0,0,0,N,5,,,- 4,| 9,–13
69,Tm,thulium,[Xe],69,100,,6,5,0,0,H,5,0,0,0,N,5,,- 18,| 2,-16,
69,Tm,thulium,[Xe],69,100,,6,6,0,0,V,5,0,0,0,N,5,–10,| 6,- 1,| 7,–12
69,Tm,thulium,[Xe],69,100,,6,7,0,0,V,5,0,0,0,N,5,,- 17,| 3,-19,
69,Tm,thulium,[Xe],69,100,,6,8,0,0,V,5,0,0,0,N,5,- 11,| 8,- 5,,
69,Tm,thulium,[Xe],69,100,,6,9,0,0,V,5,0,0,0,N,5,,,,,
69,Tm,thulium,[Xe],69,100,,6,10,0,0,H,4,0,0,0,N,4,,,| 15,,
69,Tm,thulium,[Xe],69,100,,6,11,0,0,H,3,0,0,0,N,3,,,,,
69,Tm,thulium,[Xe],69,100,,6,12,0,0,H,4,0,0,0,N,4,,,,,
69,Tm,thulium,[Xe],69,100,,6,13,0,0,H,3,0,0,0,N,3,,,,,
69,Tm,thulium,[Xe],69,100,,6,14,0,0,V,3,0,0,0,Y,3,,,,,
69,Tm,thulium,[Xe],69,100,,6,15,0,0,V,4,0,0,0,Y,4,,,,,
69,Tm,thulium,[Xe],69,100,,6,16,0,0,H,0,0,0,0,N,0,,,,,
69,Tm,thulium,[Xe],69,100,,6,17,0,0,H,2,0,0,0,N,2,,,,,
69,Tm,thulium,[Xe],69,100,,6,18,0,0,H,0,0,0,0,N,0,,,,,
69,Tm,thulium,[Xe],69,100,,6,19,0,0,H,1,0,0,0,Y,1,,,,,
70,Yb,ytterbium,[Xe],70,103,,6,1,0,0,H,5,0,0,0,N,5,,,,,
70,Yb,ytterbium,[Xe],70,103,,6,2,0,0,V,5,0,0,0,N,5,,,| 14,,
70,Yb,ytterbium,[Xe],70,103,,6,3,0,0,V,5,0,0,0,N,5,,,,,
70,Yb,ytterbium,[Xe],70,103,,6,4,0,0,H,5,0,0,0,N,5,,,- 4,| 9,–13
70,Yb,ytterbium,[Xe],70,103,,6,5,0,0,H,5,0,0,0,N,5,,- 18,| 2,-16,
70,Yb,ytterbium,[Xe],70,103,,6,6,0,0,V,5,0,0,0,N,5,–10,| 6,- 1,| 7,–12
70,Yb,ytterbium,[Xe],70,103,,6,7,0,0,V,5,0,0,0,N,5,,- 17,| 3,-19,
70,Yb,ytterbium,[Xe],70,103,,6,8,0,0,V,5,0,0,0,N,5,- 11,| 8,- 5,,
70,Yb,ytterbium,[Xe],70,103,,6,9,0,0,V,5,0,0,0,N,5,,,,,
70,Yb,ytterbium,[Xe],70,103,,6,10,0,0,H,4,0,0,0,N,4,,,| 15,,
70,Yb,ytterbium,[Xe],70,103,,6,11,0,0,H,3,0,0,0,N,3,,,,,
70,Yb,ytterbium,[Xe],70,103,,6,12,0,0,H,4,0,0,0,N,4,,,,,
70,Yb,ytterbium,[Xe],70,103,,6,13,0,0,H,3,0,0,0,N,3,,,,,
70,Yb,ytterbium,[Xe],70,103,,6,14,0,0,V,3,0,0,0,Y,3,,,,,
70,Yb,ytterbium,[Xe],70,103,,6,15,0,0,V,4,0,0,0,Y,4,,,,,
70,Yb,ytterbium,[Xe],70,103,,6,16,0,0,H,1,0,0,0,N,1,,,,,
70,Yb,ytterbium,[Xe],70,103,,6,17,0,0,H,1,0,0,0,N,1,,,,,
70,Yb,ytterbium,[Xe],70,103,,6,18,0,0,H,1,0,0,0,N,1,,,,,
71,Lu,ytterbium,[Xe],70,103,,6,19,0,0,H,1,0,0,0,N,1,,,,,
71,Lu,lutetium,[Xe],71,104,3,6,1,0,0,H,6,0,0,0,N,6,,,,,
71,Lu,lutetium,[Xe],71,104,3,6,2,0,0,V,6,0,0,0,N,6,,,| 14,,
71,Lu,lutetium,[Xe],71,104,3,6,3,0,0,V,6,0,0,0,N,6,,,,,
71,Lu,lutetium,[Xe],71,104,3,6,4,0,0,H,6,0,0,0,N,6,,,- 4,| 9,–13
71,Lu,lutetium,[Xe],71,104,3,6,5,0,0,H,6,0,0,0,N,6,,- 18,| 2,-16,
71,Lu,lutetium,[Xe],71,104,3,6,6,0,0,V,6,0,0,0,N,6,–10,| 6,- 1,| 7,–12
71,Lu,lutetium,[Xe],71,104,3,6,7,0,0,V,6,0,0,0,N,6,,- 17,| 3,-19,
71,Lu,lutetium,[Xe],71,104,3,6,8,0,0,V,6,0,0,0,N,6,- 11,| 8,- 5,,
71,Lu,lutetium,[Xe],71,104,3,6,9,0,0,V,6,0,0,0,N,6,,,,,
71,Lu,lutetium,[Xe],71,104,3,6,10,0,0,H,3,0,0,0,N,3,,,| 15,,
71,Lu,lutetium,[Xe],71,104,3,6,11,0,0,H,2,0,0,0,N,2,,,,,
71,Lu,lutetium,[Xe],71,104,3,6,12,0,0,H,2,0,0,0,N,2,,,,,
71,Lu,lutetium,[Xe],71,104,3,6,13,0,0,H,3,0,0,0,N,3,,,,,
71,Lu,lutetium,[Xe],71,104,3,6,14,0,0,V,2,0,0,0,Y,2,,,,,
71,Lu,lutetium,[Xe],71,104,3,6,15,0,0,V,3,0,0,0,Y,3,,,,,
71,Lu,lutetium,[Xe],71,104,3,6,16,0,0,H,0,0,0,0,N,0,,,,,
71,Lu,lutetium,[Xe],71,104,3,6,17,0,0,H,0,0,0,0,N,0,,,,,
71,Lu,lutetium,[Xe],71,104,3,6,18,0,0,H,1,0,0,0,N,1,,,,,
71,Lu,lutetium,[Xe],71,104,3,6,19,0,0,H,1,0,0,0,N,1,,,,,
72,Hf,hafnium,[Xe],72,107,4,6,1,0,0,H,6,0,0,0,N,6,,,,,
72,Hf,hafnium,[Xe],72,107,4,6,2,0,0,V,6,0,0,0,N,6,,,| 14,,
72,Hf,hafnium,[Xe],72,107,4,6,3,0,0,V,6,0,0,0,N,6,,,,,
72,Hf,hafnium,[Xe],72,107,4,6,4,0,0,H,6,0,0,0,N,6,,,- 4,| 9,–13
72,Hf,hafnium,[Xe],72,107,4,6,5,0,0,H,6,0,0,0,N,6,,- 18,| 2,-16,
72,Hf,hafnium,[Xe],72,107,4,6,6,0,0,V,6,0,0,0,N,6,–10,| 6,- 1,| 7,–12
72,Hf,hafnium,[Xe],72,107,4,6,7,0,0,V,6,0,0,0,N,6,,- 17,| 3,-19,
72,Hf,hafnium,[Xe],72,107,4,6,8,0,0,V,6,0,0,0,N,6,- 11,| 8,- 5,,
72,Hf,hafnium,[Xe],72,107,4,6,9,0,0,V,6,0,0,0,N,6,,,,,
72,Hf,hafnium,[Xe],72,107,4,6,10,0,0,H,3,0,0,0,N,3,,,| 15,,
72,Hf,hafnium,[Xe],72,107,4,6,11,0,0,H,2,0,0,0,N,2,,,,,
72,Hf,hafnium,[Xe],72,107,4,6,12,0,0,H,3,0,0,0,N,3,,,,,
72,Hf,hafnium,[Xe],72,107,4,6,13,0,0,H,2,0,0,0,N,2,,,,,
72,Hf,hafnium,[Xe],72,107,4,6,14,0,0,V,3,0,0,0,Y,3,,,,,
72,Hf,hafnium,[Xe],72,107,4,6,15,0,0,V,3,0,0,0,Y,3,,,,,
72,Hf,hafnium,[Xe],72,107,4,6,16,0,0,H,1,0,0,0,Y,1,,,,,
72,Hf,hafnium,[Xe],72,107,4,6,17,0,0,H,1,0,0,0,Y,1,,,,,
72,Hf,hafnium,[Xe],72,107,4,6,18,0,0,H,0,0,0,0,N,0,,,,,
73,Ta,hafnium,[Xe],72,107,4,6,19,0,0,H,0,0,0,0,N,0,,,,,
73,Ta,tantalum,[Xe],73,108,5,6,1,0,0,H,6,0,0,0,N,6,,,,,
73,Ta,tantalum,[Xe],73,108,5,6,2,0,0,V,6,0,0,0,N,6,,,| 14,,
73,Ta,tantalum,[Xe],73,108,5,6,3,0,0,V,6,0,0,0,N,6,,,,,
73,Ta,tantalum,[Xe],73,108,5,6,4,0,0,H,6,0,0,0,N,6,,,- 4,| 9,–13
73,Ta,tantalum,[Xe],73,108,5,6,5,0,0,H,6,0,0,0,N,6,,- 18,| 2,-16,
73,Ta,tantalum,[Xe],73,108,5,6,6,0,0,V,6,0,0,0,N,6,–10,| 6,- 1,| 7,–12
73,Ta,tantalum,[Xe],73,108,5,6,7,0,0,V,6,0,0,0,N,6,,- 17,| 3,-19,
73,Ta,tantalum,[Xe],73,108,5,6,8,0,0,V,6,0,0,0,N,6,- 11,| 8,- 5,,
73,Ta,tantalum,[Xe],73,108,5,6,9,0,0,V,6,0,0,0,N,6,,,,,
73,Ta,tantalum,[Xe],73,108,5,6,10,0,0,H,3,0,0,0,N,3,,,| 15,,
73,Ta,tantalum,[Xe],73,108,5,6,11,0,0,H,2,0,0,0,N,2,,,,,
73,Ta,tantalum,[Xe],73,108,5,6,12,0,0,H,3,0,0,0,N,3,,,,,
73,Ta,tantalum,[Xe],73,108,5,6,13,0,0,H,2,0,0,0,N,2,,,,,
73,Ta,tantalum,[Xe],73,108,5,6,14,0,0,V,3,0,0,0,Y,3,,,,,
73,Ta,tantalum,[Xe],73,108,5,6,15,0,0,V,3,0,0,0,Y,3,,,,,
73,Ta,tantalum,[Xe],73,108,5,6,16,0,0,H,1,0,0,0,Y,1,,,,,
73,Ta,tantalum,[Xe],73,108,5,6,17,0,0,H,2,0,0,0,N,2,,,,,
73,Ta,tantalum,[Xe],73,108,5,6,18,0,0,H,0,0,0,0,N,0,,,,,
73,Ta,tantalum,[Xe],73,108,5,6,19,0,0,H,0,0,0,0,N,0,,,,,
74,W,tungsten,[Xe],74,110,6,6,1,0,0,H,6,0,0,0,N,6,,,,,
74,W,tungsten,[Xe],74,110,6,6,2,0,0,V,6,0,0,0,N,6,,,| 14,,
74,W,tungsten,[Xe],74,110,6,6,3,0,0,V,6,0,0,0,N,6,,,,,
74,W,tungsten,[Xe],74,110,6,6,4,0,0,H,6,0,0,0,N,6,,,- 4,| 9,–13
74,W,tungsten,[Xe],74,110,6,6,5,0,0,H,6,0,0,0,N,6,,- 18,| 2,-16,
74,W,tungsten,[Xe],74,110,6,6,6,0,0,V,6,0,0,0,N,6,–10,| 6,- 1,| 7,–12
74,W,tungsten,[Xe],74,110,6,6,7,0,0,V,6,0,0,0,N,6,,- 17,| 3,-19,
74,W,tungsten,[Xe],74,110,6,6,8,0,0,V,6,0,0,0,N,6,- 11,| 8,- 5,,
74,W,tungsten,[Xe],74,110,6,6,9,0,0,V,6,0,0,0,N,6,,,,,
74,W,tungsten,[Xe],74,110,6,6,10,0,0,H,3,0,0,0,N,3,,,| 15,,
74,W,tungsten,[Xe],74,110,6,6,11,0,0,H,3,0,0,0,N,3,,,,,
74,W,tungsten,[Xe],74,110,6,6,12,0,0,H,3,0,0,0,N,3,,,,,
74,W,tungsten,[Xe],74,110,6,6,13,0,0,H,3,0,0,0,N,3,,,,,
74,W,tungsten,[Xe],74,110,6,6,14,0,0,V,3,0,0,0,Y,3,,,,,
74,W,tungsten,[Xe],74,110,6,6,15,0,0,V,3,0,0,0,Y,3,,,,,
74,W,tungsten,[Xe],74,110,6,6,16,0,0,H,0,0,0,0,N,0,,,,,
74,W,tungsten,[Xe],74,110,6,6,17,0,0,H,1,0,0,0,Y,1,,,,,
74,W,tungsten,[Xe],74,110,6,6,18,0,0,H,0,0,0,0,N,0,,,,,
74,W,tungsten,[Xe],74,110,6,6,19,0,0,H,1,0,0,0,Y,1,,,,,
75,Re,rhenium,[Xe],75,111,7,6,1,0,0,H,6,0,0,0,N,6,,,,,
75,Re,rhenium,[Xe],75,111,7,6,2,0,0,V,6,0,0,0,N,6,,,| 14,,
75,Re,rhenium,[Xe],75,111,7,6,3,0,0,V,6,0,0,0,N,6,,,,,
75,Re,rhenium,[Xe],75,111,7,6,4,0,0,H,6,0,0,0,N,6,,,- 4,| 9,–13
75,Re,rhenium,[Xe],75,111,7,6,5,0,0,H,6,0,0,0,N,6,,- 18,| 2,-16,
75,Re,rhenium,[Xe],75,111,7,6,6,0,0,V,6,0,0,0,N,6,–10,| 6,- 1,| 7,–12
75,Re,rhenium,[Xe],75,111,7,6,7,0,0,V,6,0,0,0,N,6,,- 17,| 3,-19,
75,Re,rhenium,[Xe],75,111,7,6,8,0,0,V,6,0,0,0,N,6,- 11,| 8,- 5,,
75,Re,rhenium,[Xe],75,111,7,6,9,0,0,V,6,0,0,0,N,6,,,,,
75,Re,rhenium,[Xe],75,111,7,6,10,0,0,H,3,0,0,0,N,3,,,| 15,,
75,Re,rhenium,[Xe],75,111,7,6,11,0,0,H,3,0,0,0,N,3,,,,,
75,Re,rhenium,[Xe],75,111,7,6,12,0,0,H,3,0,0,0,N,3,,,,,
75,Re,rhenium,[Xe],75,111,7,6,13,0,0,H,2,0,0,0,N,2,,,,,
75,Re,rhenium,[Xe],75,111,7,6,14,0,0,V,3,0,0,0,Y,3,,,,,
75,Re,rhenium,[Xe],75,111,7,6,15,0,0,V,3,0,0,0,Y,3,,,,,
75,Re,rhenium,[Xe],75,111,7,6,16,0,0,H,2,0,0,0,N,2,,,,,
75,Re,rhenium,[Xe],75,111,7,6,17,0,0,H,2,0,0,0,N,2,,,,,
75,Re,rhenium,[Xe],75,111,7,6,18,0,0,H,0,0,0,0,N,0,,,,,
75,Re,rhenium,[Xe],75,111,7,6,19,0,0,H,0,0,0,0,N,0,,,,,
76,Os,osmium,[Xe],76,114,8,6,1,0,0,H,6,0,0,0,N,6,,,,,
76,Os,osmium,[Xe],76,114,8,6,2,0,0,V,6,0,0,0,N,6,,,| 14,,
76,Os,osmium,[Xe],76,114,8,6,3,0,0,V,6,0,0,0,N,6,,,,,
76,Os,osmium,[Xe],76,114,8,6,4,0,0,H,6,0,0,0,N,6,,,- 4,| 9,–13
76,Os,osmium,[Xe],76,114,8,6,5,0,0,H,6,0,0,0,N,6,,- 18,| 2,-16,
76,Os,osmium,[Xe],76,114,8,6,6,0,0,V,6,0,0,0,N,6,–10,| 6,- 1,| 7,–12
76,Os,osmium,[Xe],76,114,8,6,7,0,0,V,6,0,0,0,N,6,,- 17,| 3,-19,
76,Os,osmium,[Xe],76,114,8,6,8,0,0,V,6,0,0,0,N,6,- 11,| 8,- 5,,
76,Os,osmium,[Xe],76,114,8,6,9,0,0,V,6,0,0,0,N,6,,,,,
76,Os,osmium,[Xe],76,114,8,6,10,0,0,H,3,0,0,0,N,3,,,| 15,,
76,Os,osmium,[Xe],76,114,8,6,11,0,0,H,3,0,0,0,N,3,,,,,
76,Os,osmium,[Xe],76,114,8,6,12,0,0,H,3,0,0,0,N,3,,,,,
76,Os,osmium,[Xe],76,114,8,6,13,0,0,H,3,0,0,0,N,3,,,,,
76,Os,osmium,[Xe],76,114,8,6,14,0,0,V,3,0,0,0,Y,3,,,,,
76,Os,osmium,[Xe],76,114,8,6,15,0,0,V,3,0,0,0,Y,3,,,,,
76,Os,osmium,[Xe],76,114,8,6,16,0,0,H,0,0,0,0,N,0,,,,,
76,Os,osmium,[Xe],76,114,8,6,17,0,0,H,0,0,0,0,N,0,,,,,
76,Os,osmium,[Xe],76,114,8,6,18,0,0,H,2,0,0,0,N,2,,,,,
76,Os,osmium,[Xe],76,114,8,6,19,0,0,H,2,0,0,0,N,2,,,,,
77,Ir,iridium,[Xe],77,115,9,6,1,0,0,H,6,0,0,0,N,6,,,,,
77,Ir,iridium,[Xe],77,115,9,6,2,0,0,V,6,0,0,0,N,6,,,| 14,,
77,Ir,iridium,[Xe],77,115,9,6,3,0,0,V,6,0,0,0,N,6,,,,,
77,Ir,iridium,[Xe],77,115,9,6,4,0,0,H,6,0,0,0,N,6,,,- 4,| 9,–13
77,Ir,iridium,[Xe],77,115,9,6,5,0,0,H,6,0,0,0,N,6,,- 18,| 2,-16,
77,Ir,iridium,[Xe],77,115,9,6,6,0,0,V,6,0,0,0,N,6,–10,| 6,- 1,| 7,–12
77,Ir,iridium,[Xe],77,115,9,6,7,0,0,V,6,0,0,0,N,6,,- 17,| 3,-19,
77,Ir,iridium,[Xe],77,115,9,6,8,0,0,V,6,0,0,0,N,6,- 11,| 8,- 5,,
77,Ir,iridium,[Xe],77,115,9,6,9,0,0,V,6,0,0,0,N,6,,,,,
77,Ir,iridium,[Xe],77,115,9,6,10,0,0,H,3,0,0,0,N,3,,,| 15,,
77,Ir,iridium,[Xe],77,115,9,6,11,0,0,H,3,0,0,0,N,3,,,,,
77,Ir,iridium,[Xe],77,115,9,6,12,0,0,H,3,0,0,0,N,3,,,,,
77,Ir,iridium,[Xe],77,115,9,6,13,0,0,H,3,0,0,0,N,3,,,,,
77,Ir,iridium,[Xe],77,115,9,6,14,0,0,V,3,0,0,0,Y,3,,,,,
77,Ir,iridium,[Xe],77,115,9,6,15,0,0,V,3,0,0,0,Y,3,,,,,
77,Ir,iridium,[Xe],77,115,9,6,16,0,0,H,2,0,0,0,N,2,,,,,
77,Ir,iridium,[Xe],77,115,9,6,17,0,0,H,2,0,0,0,N,2,,,,,
77,Ir,iridium,[Xe],77,115,9,6,18,0,0,H,1,0,0,0,Y,1,,,,,
77,Ir,iridium,[Xe],77,115,9,6,19,0,0,H,0,0,0,0,N,0,,,,,
78,Pt,platinum,[Xe],78,117,10,6,1,0,0,H,6,0,0,0,N,6,,,,,
78,Pt,platinum,[Xe],78,117,10,6,2,0,0,V,6,0,0,0,N,6,,,| 14,,
78,Pt,platinum,[Xe],78,117,10,6,3,0,0,V,6,0,0,0,N,6,,,,,
78,Pt,platinum,[Xe],78,117,10,6,4,0,0,H,6,0,0,0,N,6,,,- 4,| 9,–13
78,Pt,platinum,[Xe],78,117,10,6,5,0,0,H,6,0,0,0,N,6,,- 18,| 2,-16,
78,Pt,platinum,[Xe],78,117,10,6,6,0,0,V,6,0,0,0,N,6,–10,| 6,- 1,| 7,–12
78,Pt,platinum,[Xe],78,117,10,6,7,0,0,V,6,0,0,0,N,6,,- 17,| 3,-19,
78,Pt,platinum,[Xe],78,117,10,6,8,0,0,V,6,0,0,0,N,6,- 11,| 8,- 5,,
78,Pt,platinum,[Xe],78,117,10,6,9,0,0,V,6,0,0,0,N,6,,,,,
78,Pt,platinum,[Xe],78,117,10,6,10,0,0,H,3,0,0,0,N,3,,,| 15,,
78,Pt,platinum,[Xe],78,117,10,6,11,0,0,H,3,0,0,0,N,3,,,,,
78,Pt,platinum,[Xe],78,117,10,6,12,0,0,H,3,0,0,0,N,3,,,,,
78,Pt,platinum,[Xe],78,117,10,6,13,0,0,H,3,0,0,0,N,3,,,,,
78,Pt,platinum,[Xe],78,117,10,6,14,0,0,V,4,0,0,0,Y,4,,,,,
78,Pt,platinum,[Xe],78,117,10,6,15,0,0,V,4,0,0,0,Y,4,,,,,
78,Pt,platinum,[Xe],78,117,10,6,16,0,0,H,2,0,0,0,N,2,,,,,
78,Pt,platinum,[Xe],78,117,10,6,17,0,0,H,2,0,0,0,N,2,,,,,
78,Pt,platinum,[Xe],78,117,10,6,18,0,0,H,0,0,0,0,Y,0,,,,,
78,Pt,platinum,[Xe],78,117,10,6,19,0,0,H,0,0,0,0,Y,0,,,,,
79,Au,gold,[Xe],79,118,11,6,1,0,0,H,6,0,0,0,N,6,,,,,
79,Au,gold,[Xe],79,118,11,6,2,0,0,V,6,0,0,0,N,6,,,| 14,,
79,Au,gold,[Xe],79,118,11,6,3,0,0,V,6,0,0,0,N,6,,,,,
79,Au,gold,[Xe],79,118,11,6,4,0,0,H,6,0,0,0,N,6,,,- 4,| 9,–13
79,Au,gold,[Xe],79,118,11,6,5,0,0,H,6,0,0,0,N,6,,- 18,| 2,-16,
79,Au,gold,[Xe],79,118,11,6,6,0,0,V,6,0,0,0,N,6,–10,| 6,- 1,| 7,–12
79,Au,gold,[Xe],79,118,11,6,7,0,0,V,6,0,0,0,N,6,,- 17,| 3,-19,
79,Au,gold,[Xe],79,118,11,6,8,0,0,V,6,0,0,0,N,6,- 11,| 8,- 5,,
79,Au,gold,[Xe],79,118,11,6,9,0,0,V,6,0,0,0,N,6,,,,,
79,Au,gold,[Xe],79,118,11,6,10,0,0,H,4,0,0,0,N,4,,,| 15,,
79,Au,gold,[Xe],79,118,11,6,11,0,0,H,3,0,0,0,N,3,,,,,
79,Au,gold,[Xe],79,118,11,6,12,0,0,H,4,0,0,0,N,4,,,,,
79,Au,gold,[Xe],79,118,11,6,13,0,0,H,3,0,0,0,N,3,,,,,
79,Au,gold,[Xe],79,118,11,6,14,0,0,V,4,0,0,0,Y,4,,,,,
79,Au,gold,[Xe],79,118,11,6,15,0,0,V,3,0,0,0,Y,3,,,,,
79,Au,gold,[Xe],79,118,11,6,16,0,0,H,2,0,0,0,N,2,,,,,
79,Au,gold,[Xe],79,118,11,6,17,0,0,H,2,0,0,0,N,2,,,,,
79,Au,gold,[Xe],79,118,11,6,18,0,0,H,0,0,0,0,N,0,,,,,
79,Au,gold,[Xe],79,118,11,6,19,0,0,H,0,0,0,0,N,0,,,,,
80,Hg,mercury,[Xe],80,121,12,6,1,0,0,H,6,0,0,0,N,6,,,,,
80,Hg,mercury,[Xe],80,121,12,6,2,0,0,V,6,0,0,0,N,6,,,| 14,,
80,Hg,mercury,[Xe],80,121,12,6,3,0,0,V,6,0,0,0,N,6,,,,,
80,Hg,mercury,[Xe],80,121,12,6,4,0,0,H,6,0,0,0,N,6,,,- 4,| 9,–13
80,Hg,mercury,[Xe],80,121,12,6,5,0,0,H,6,0,0,0,N,6,,- 18,| 2,-16,
80,Hg,mercury,[Xe],80,121,12,6,6,0,0,V,6,0,0,0,N,6,–10,| 6,- 1,| 7,–12
80,Hg,mercury,[Xe],80,121,12,6,7,0,0,V,6,0,0,0,N,6,,- 17,| 3,-19,
80,Hg,mercury,[Xe],80,121,12,6,8,0,0,V,6,0,0,0,N,6,- 11,| 8,- 5,,
80,Hg,mercury,[Xe],80,121,12,6,9,0,0,V,6,0,0,0,N,6,,,,,
80,Hg,mercury,[Xe],80,121,12,6,10,0,0,H,4,0,0,0,N,4,,,| 15,,
80,Hg,mercury,[Xe],80,121,12,6,11,0,0,H,4,0,0,0,N,4,,,,,
80,Hg,mercury,[Xe],80,121,12,6,12,0,0,H,4,0,0,0,N,4,,,,,
80,Hg,mercury,[Xe],80,121,12,6,13,0,0,H,4,0,0,0,N,4,,,,,
80,Hg,mercury,[Xe],80,121,12,6,14,0,0,V,4,0,0,0,Y,4,,,,,
80,Hg,mercury,[Xe],80,121,12,6,15,0,0,V,4,0,0,0,Y,4,,,,,
80,Hg,mercury,[Xe],80,121,12,6,16,0,0,H,0,0,0,0,Y,0,,,,,
80,Hg,mercury,[Xe],80,121,12,6,17,0,0,H,0,0,0,0,Y,0,,,,,
80,Hg,mercury,[Xe],80,121,12,6,18,0,0,H,1,0,0,0,N,1,,,,,
80,Hg,mercury,[Xe],80,121,12,6,19,0,0,H,1,0,0,0,N,1,,,,,
81,Tl,thallium,[Xe],81,123,13,6,1,0,0,H,6,0,0,0,N,6,,,,,
81,Tl,thallium,[Xe],81,123,13,6,2,0,0,V,6,0,0,0,N,6,,,| 14,,
81,Tl,thallium,[Xe],81,123,13,6,3,0,0,V,6,0,0,0,N,6,,,,,
81,Tl,thallium,[Xe],81,123,13,6,4,0,0,H,6,0,0,0,N,6,,,- 4,| 9,–13
81,Tl,thallium,[Xe],81,123,13,6,5,0,0,H,6,0,0,0,N,6,,- 18,| 2,-16,
81,Tl,thallium,[Xe],81,123,13,6,6,0,0,V,6,0,0,0,N,6,–10,| 6,- 1,| 7,–12
81,Tl,thallium,[Xe],81,123,13,6,7,0,0,V,6,0,0,0,N,6,,- 17,| 3,-19,
81,Tl,thallium,[Xe],81,123,13,6,8,0,0,V,6,0,0,0,N,6,- 11,| 8,- 5,,
81,Tl,thallium,[Xe],81,123,13,6,9,0,0,V,6,0,0,0,N,6,,,,,
81,Tl,thallium,[Xe],81,123,13,6,10,0,0,H,4,0,0,0,N,4,,,| 15,,
81,Tl,thallium,[Xe],81,123,13,6,11,0,0,H,4,0,0,0,N,4,,,,,
81,Tl,thallium,[Xe],81,123,13,6,12,0,0,H,4,0,0,0,N,4,,,,,
81,Tl,thallium,[Xe],81,123,13,6,13,0,0,H,4,0,0,0,N,4,,,,,
81,Tl,thallium,[Xe],81,123,13,6,14,0,0,V,4,0,0,0,Y,4,,,,,
81,Tl,thallium,[Xe],81,123,13,6,15,0,0,V,4,0,0,0,Y,4,,,,,
81,Tl,thallium,[Xe],81,123,13,6,16,0,0,H,2,0,0,0,N,2,,,,,
81,Tl,thallium,[Xe],81,123,13,6,17,0,0,H,1,0,0,0,Y,1,,,,,
81,Tl,thallium,[Xe],81,123,13,6,18,0,0,H,0,0,0,0,N,0,,,,,
81,Tl,thallium,[Xe],81,123,13,6,19,0,0,H,0,0,0,0,N,0,,,,,
82,Pb,lead,[Xe],82,125,14,6,1,0,0,H,6,0,0,0,N,6,,,,,
82,Pb,lead,[Xe],82,125,14,6,2,0,0,V,6,0,0,0,N,6,,,| 14,,
82,Pb,lead,[Xe],82,125,14,6,3,0,0,V,6,0,0,0,N,6,,,,,
82,Pb,lead,[Xe],82,125,14,6,4,0,0,H,6,0,0,0,N,6,,,- 4,| 9,–13
82,Pb,lead,[Xe],82,125,14,6,5,0,0,H,6,0,0,0,N,6,,- 18,| 2,-16,
82,Pb,lead,[Xe],82,125,14,6,6,0,0,V,6,0,0,0,N,6,–10,| 6,- 1,| 7,–12
82,Pb,lead,[Xe],82,125,14,6,7,0,0,V,6,0,0,0,N,6,,- 17,| 3,-19,
82,Pb,lead,[Xe],82,125,14,6,8,0,0,V,6,0,0,0,N,6,- 11,| 8,- 5,,
82,Pb,lead,[Xe],82,125,14,6,9,0,0,V,6,0,0,0,N,6,,,,,
82,Pb,lead,[Xe],82,125,14,6,10,0,0,H,3,0,0,0,N,3,,,| 15,,
82,Pb,lead,[Xe],82,125,14,6,11,0,0,H,5,0,0,0,N,5,,,,,
82,Pb,lead,[Xe],82,125,14,6,12,0,0,H,3,0,0,0,N,3,,,,,
82,Pb,lead,[Xe],82,125,14,6,13,0,0,H,5,0,0,0,N,5,,,,,
82,Pb,lead,[Xe],82,125,14,6,14,0,0,V,5,0,0,0,Y,5,,,,,
82,Pb,lead,[Xe],82,125,14,6,15,0,0,V,5,0,0,0,Y,5,,,,,
82,Pb,lead,[Xe],82,125,14,6,16,0,0,H,1,0,0,0,Y,1,,,,,
82,Pb,lead,[Xe],82,125,14,6,17,0,0,H,1,0,0,0,Y,1,,,,,
82,Pb,lead,[Xe],82,125,14,6,18,0,0,H,0,0,0,0,N,0,,,,,
82,Pb,lead,[Xe],82,125,14,6,19,0,0,H,0,0,0,0,N,0,,,,,
83,Bi,bismuth,[Xe],83,126,15,6,1,0,0,H,6,0,0,0,N,6,,,,,
83,Bi,bismuth,[Xe],83,126,15,6,2,0,0,V,6,0,0,0,N,6,,,| 14,,
83,Bi,bismuth,[Xe],83,126,15,6,3,0,0,V,6,0,0,0,N,6,,,,,
83,Bi,bismuth,[Xe],83,126,15,6,4,0,0,H,6,0,0,0,N,6,,,- 4,| 9,–13
83,Bi,bismuth,[Xe],83,126,15,6,5,0,0,H,6,0,0,0,N,6,,- 18,| 2,-16,
83,Bi,bismuth,[Xe],83,126,15,6,6,0,0,V,6,0,0,0,N,6,–10,| 6,- 1,| 7,–12
83,Bi,bismuth,[Xe],83,126,15,6,7,0,0,V,6,0,0,0,N,6,,- 17,| 3,-19,
83,Bi,bismuth,[Xe],83,126,15,6,8,0,0,V,6,0,0,0,N,6,- 11,| 8,- 5,,
83,Bi,bismuth,[Xe],83,126,15,6,9,0,0,V,6,0,0,0,N,6,,,,,
83,Bi,bismuth,[Xe],83,126,15,6,10,0,0,H,3,0,0,0,N,3,,,| 15,,
83,Bi,bismuth,[Xe],83,126,15,6,11,0,0,H,5,0,0,0,N,5,,,,,
83,Bi,bismuth,[Xe],83,126,15,6,12,0,0,H,3,0,0,0,N,3,,,,,
83,Bi,bismuth,[Xe],83,126,15,6,13,0,0,H,5,0,0,0,N,5,,,,,
83,Bi,bismuth,[Xe],83,126,15,6,14,0,0,V,5,0,0,0,Y,5,,,,,
83,Bi,bismuth,[Xe],83,126,15,6,15,0,0,V,5,0,0,0,Y,5,,,,,
83,Bi,bismuth,[Xe],83,126,15,6,16,0,0,H,2,0,0,0,N,2,,,,,
83,Bi,bismuth,[Xe],83,126,15,6,17,0,0,H,1,0,0,0,Y,1,,,,,
83,Bi,bismuth,[Xe],83,126,15,6,18,0,0,H,0,0,0,0,N,0,,,,,
83,Bi,bismuth,[Xe],83,126,15,6,19,0,0,H,0,0,0,0,N,0,,,,,
84,Po,polonium,[Xe],84,125,16,6,1,0,0,H,6,0,0,0,N,6,,,,,
84,Po,polonium,[Xe],84,125,16,6,2,0,0,V,6,0,0,0,N,6,,,| 14,,
84,Po,polonium,[Xe],84,125,16,6,3,0,0,V,6,0,0,0,N,6,,,,,
84,Po,polonium,[Xe],84,125,16,6,4,0,0,H,6,0,0,0,N,6,,,- 4,| 9,–13
84,Po,polonium,[Xe],84,125,16,6,5,0,0,H,6,0,0,0,N,6,,- 18,| 2,-16,
84,Po,polonium,[Xe],84,125,16,6,6,0,0,V,6,0,0,0,N,6,–10,| 6,- 1,| 7,–12
84,Po,polonium,[Xe],84,125,16,6,7,0,0,V,6,0,0,0,N,6,,- 17,| 3,-19,
84,Po,polonium,[Xe],84,125,16,6,8,0,0,V,6,0,0,0,N,6,- 11,| 8,- 5,,
84,Po,polonium,[Xe],84,125,16,6,9,0,0,V,6,0,0,0,N,6,,,,,
84,Po,polonium,[Xe],84,125,16,6,10,0,0,H,3,0,0,0,N,3,,,| 15,,
84,Po,polonium,[Xe],84,125,16,6,11,0,0,H,5,0,0,0,N,5,,,,,
84,Po,polonium,[Xe],84,125,16,6,12,0,0,H,3,0,0,0,N,3,,,,,
84,Po,polonium,[Xe],84,125,16,6,13,0,0,H,5,0,0,0,N,5,,,,,
84,Po,polonium,[Xe],84,125,16,6,14,0,0,V,5,0,0,0,Y,5,,,,,
84,Po,polonium,[Xe],84,125,16,6,15,0,0,V,5,0,0,0,Y,5,,,,,
84,Po,polonium,[Xe],84,125,16,6,16,0,0,H,2,0,0,0,N,2,,,,,
84,Po,polonium,[Xe],84,125,16,6,17,0,0,H,2,0,0,0,N,2,,,,,
84,Po,polonium,[Xe],84,125,16,6,18,0,0,H,0,0,0,0,N,0,,,,,
84,Po,polonium,[Xe],84,125,16,6,19,0,0,H,0,0,0,0,N,0,,,,,
85,At,astatine,[Xe],85,125,17,6,1,0,0,H,6,0,0,0,N,6,,,,,
85,At,astatine,[Xe],85,125,17,6,2,0,0,V,6,0,0,0,N,6,,,| 14,,
85,At,astatine,[Xe],85,125,17,6,3,0,0,V,6,0,0,0,N,6,,,,,
85,At,astatine,[Xe],85,125,17,6,4,0,0,H,6,0,0,0,N,6,,,- 4,| 9,–13
85,At,astatine,[Xe],85,125,17,6,5,0,0,H,6,0,0,0,N,6,,- 18,| 2,-16,
85,At,astatine,[Xe],85,125,17,6,6,0,0,V,6,0,0,0,N,6,–10,| 6,- 1,| 7,–12
85,At,astatine,[Xe],85,125,17,6,7,0,0,V,6,0,0,0,N,6,,- 17,| 3,-19,
85,At,astatine,[Xe],85,125,17,6,8,0,0,V,6,0,0,0,N,6,- 11,| 8,- 5,,
85,At,astatine,[Xe],85,125,17,6,9,0,0,V,6,0,0,0,N,6,,,,,
85,At,astatine,[Xe],85,125,17,6,10,0,0,H,3,0,0,0,N,3,,,| 15,,
85,At,astatine,[Xe],85,125,17,6,11,0,0,H,5,0,0,0,N,5,,,,,
85,At,astatine,[Xe],85,125,17,6,12,0,0,H,3,0,0,0,N,3,,,,,
85,At,astatine,[Xe],85,125,17,6,13,0,0,H,5,0,0,0,N,5,,,,,
85,At,astatine,[Xe],85,125,17,6,14,0,0,V,5,0,0,0,Y,5,,,,,
85,At,astatine,[Xe],85,125,17,6,15,0,0,V,5,0,0,0,Y,5,,,,,
85,At,astatine,[Xe],85,125,17,6,16,0,0,H,2,0,0,0,N,2,,,,,
85,At,astatine,[Xe],85,125,17,6,17,0,0,H,2,0,0,0,N,2,,,,,
85,At,astatine,[Xe],85,125,17,6,18,0,0,H,1,0,0,0,N,1,,,,,
85,At,astatine,[Xe],85,125,17,6,19,0,0,H,0,0,0,0,N,0,,,,,
86,Rn,radon,[Xe],86,136,18,6,1,0,0,H,6,0,0,0,N,6,,,,,
86,Rn,radon,[Xe],86,136,18,6,2,0,0,V,6,0,0,0,N,6,,,| 14,,
86,Rn,radon,[Xe],86,136,18,6,3,0,0,V,6,0,0,0,N,6,,,,,
86,Rn,radon,[Xe],86,136,18,6,4,0,0,H,6,0,0,0,N,6,,,- 4,| 9,–13
86,Rn,radon,[Xe],86,136,18,6,5,0,0,H,6,0,0,0,N,6,,- 18,| 2,-16,
86,Rn,radon,[Xe],86,136,18,6,6,0,0,V,6,0,0,0,N,6,–10,| 6,- 1,| 7,–12
86,Rn,radon,[Xe],86,136,18,6,7,0,0,V,6,0,0,0,N,6,,- 17,| 3,-19,
86,Rn,radon,[Xe],86,136,18,6,8,0,0,V,6,0,0,0,N,6,- 11,| 8,- 5,,
86,Rn,radon,[Xe],86,136,18,6,9,0,0,V,6,0,0,0,N,6,,,,,
86,Rn,radon,[Xe],86,136,18,6,10,0,0,H,5,0,0,0,N,5,,,| 15,,
86,Rn,radon,[Xe],86,136,18,6,11,0,0,H,5,0,0,0,N,5,,,,,
86,Rn,radon,[Xe],86,136,18,6,12,0,0,H,5,0,0,0,N,5,,,,,
86,Rn,radon,[Xe],86,136,18,6,13,0,0,H,5,0,0,0,N,5,,,,,
86,Rn,radon,[Xe],86,136,18,6,14,0,0,V,5,0,0,0,Y,5,,,,,
86,Rn,radon,[Xe],86,136,18,6,15,0,0,V,5,0,0,0,Y,5,,,,,
86,Rn,radon,[Xe],86,136,18,6,16,0,0,H,0,0,0,0,N,0,,,,,
86,Rn,radon,[Xe],86,136,18,6,17,0,0,H,0,0,0,0,N,0,,,,,
86,Rn,radon,[Xe],86,136,18,6,18,0,0,H,1,0,0,0,Y,1,,,,,
86,Rn,radon,[Xe],86,136,18,6,19,0,0,H,1,0,0,0,Y,1,,,,,
87,Fr,francium,[Rn],87,136,1,7,1,0,0,H,6,0,0,0,N,6,,,,,
87,Fr,francium,[Rn],87,136,1,7,2,0,0,V,6,0,0,0,N,6,,,| 14,,
87,Fr,francium,[Rn],87,136,1,7,3,0,0,V,6,0,0,0,N,6,,,,,
87,Fr,francium,[Rn],87,136,1,7,4,0,0,H,6,0,0,0,N,6,,,- 4,| 9,–13
87,Fr,francium,[Rn],87,136,1,7,5,0,0,H,6,0,0,0,N,6,,- 18,| 2,-16,
87,Fr,francium,[Rn],87,136,1,7,6,0,0,V,6,0,0,0,N,6,–10,| 6,- 1,| 7,–12
87,Fr,francium,[Rn],87,136,1,7,7,0,0,V,6,0,0,0,N,6,,- 17,| 3,-19,
87,Fr,francium,[Rn],87,136,1,7,8,0,0,V,6,0,0,0,N,6,- 11,| 8,- 5,,
87,Fr,francium,[Rn],87,136,1,7,9,0,0,V,6,0,0,0,N,6,,,,,
87,Fr,francium,[Rn],87,136,1,7,10,0,0,H,5,0,0,0,N,5,,,| 15,,
87,Fr,francium,[Rn],87,136,1,7,11,0,0,H,5,0,0,0,N,5,,,,,
87,Fr,francium,[Rn],87,136,1,7,12,0,0,H,5,0,0,0,N,5,,,,,
87,Fr,francium,[Rn],87,136,1,7,13,0,0,H,5,0,0,0,N,5,,,,,
87,Fr,francium,[Rn],87,136,1,7,14,0,0,V,5,0,0,0,Y,5,,,,,
87,Fr,francium,[Rn],87,136,1,7,15,0,0,V,5,0,0,0,Y,5,,,,,
87,Fr,francium,[Rn],87,136,1,7,16,0,0,H,1,0,0,0,Y,1,,,,,
87,Fr,francium,[Rn],87,136,1,7,17,0,0,H,1,0,0,0,Y,1,,,,,
87,Fr,francium,[Rn],87,136,1,7,18,0,0,H,1,0,0,0,Y,1,,,,,
87,Fr,francium,[Rn],87,136,1,7,19,0,0,H,0,0,0,0,N,0,,,,,
88,Ra,radium,[Rn],88,138,2,7,1,0,0,H,6,0,0,0,N,6,,,,,
88,Ra,radium,[Rn],88,138,2,7,2,0,0,V,6,0,0,0,N,6,,,| 14,,
88,Ra,radium,[Rn],88,138,2,7,3,0,0,V,6,0,0,0,N,6,,,,,
88,Ra,radium,[Rn],88,138,2,7,4,0,0,H,6,0,0,0,N,6,,,- 4,| 9,–13
88,Ra,radium,[Rn],88,138,2,7,5,0,0,H,6,0,0,0,N,6,,- 18,| 2,-16,
88,Ra,radium,[Rn],88,138,2,7,6,0,0,V,6,0,0,0,N,6,–10,| 6,- 1,| 7,–12
88,Ra,radium,[Rn],88,138,2,7,7,0,0,V,6,0,0,0,N,6,,- 17,| 3,-19,
88,Ra,radium,[Rn],88,138,2,7,8,0,0,V,6,0,0,0,N,6,- 11,| 8,- 5,,
88,Ra,radium,[Rn],88,138,2,7,9,0,0,V,6,0,0,0,N,6,,,,,
88,Ra,radium,[Rn],88,138,2,7,10,0,0,H,5,0,0,0,N,5,,,| 15,,
88,Ra,radium,[Rn],88,138,2,7,11,0,0,H,5,0,0,0,N,5,,,,,
88,Ra,radium,[Rn],88,138,2,7,12,0,0,H,5,0,0,0,N,5,,,,,
88,Ra,radium,[Rn],88,138,2,7,13,0,0,H,5,0,0,0,N,5,,,,,
88,Ra,radium,[Rn],88,138,2,7,14,0,0,V,5,0,0,0,Y,5,,,,,
88,Ra,radium,[Rn],88,138,2,7,15,0,0,V,5,0,0,0,Y,5,,,,,
88,Ra,radium,[Rn],88,138,2,7,16,0,0,H,1,0,0,0,Y,1,,,,,
88,Ra,radium,[Rn],88,138,2,7,17,0,0,H,1,0,0,0,Y,1,,,,,
88,Ra,radium,[Rn],88,138,2,7,18,0,0,H,1,0,0,0,Y,1,,,,,
88,Ra,radium,[Rn],88,138,2,7,19,0,0,H,1,0,0,0,Y,1,,,,,
89,Ac,actinium,[Rn],89,138,,7,1,0,0,H,6,0,0,0,N,6,,,,,
89,Ac,actinium,[Rn],89,138,,7,2,0,0,V,6,0,0,0,N,6,,,| 14,,
89,Ac,actinium,[Rn],89,138,,7,3,0,0,V,6,0,0,0,N,6,,,,,
89,Ac,actinium,[Rn],89,138,,7,4,0,0,H,6,0,0,0,N,6,,,- 4,| 9,–13
89,Ac,actinium,[Rn],89,138,,7,5,0,0,H,6,0,0,0,N,6,,- 18,| 2,-16,
89,Ac,actinium,[Rn],89,138,,7,6,0,0,V,6,0,0,0,N,6,–10,| 6,- 1,| 7,–12
89,Ac,actinium,[Rn],89,138,,7,7,0,0,V,6,0,0,0,N,6,,- 17,| 3,-19,
89,Ac,actinium,[Rn],89,138,,7,8,0,0,V,6,0,0,0,N,6,- 11,| 8,- 5,,
89,Ac,actinium,[Rn],89,138,,7,9,0,0,V,6,0,0,0,N,6,,,,,
89,Ac,actinium,[Rn],89,138,,7,10,0,0,H,5,0,0,0,N,5,,,| 15,,
89,Ac,actinium,[Rn],89,138,,7,11,0,0,H,5,0,0,0,N,5,,,,,
89,Ac,actinium,[Rn],89,138,,7,12,0,0,H,5,0,0,0,N,5,,,,,
89,Ac,actinium,[Rn],89,138,,7,13,0,0,H,5,0,0,0,N,5,,,,,
89,Ac,actinium,[Rn],89,138,,7,14,0,0,V,5,0,0,0,Y,5,,,,,
89,Ac,actinium,[Rn],89,138,,7,15,0,0,V,5,0,0,0,Y,5,,,,,
89,Ac,actinium,[Rn],89,138,,7,16,0,0,H,2,0,0,0,N,2,,,,,
89,Ac,actinium,[Rn],89,138,,7,17,0,0,H,1,0,0,0,Y,1,,,,,
89,Ac,actinium,[Rn],89,138,,7,18,0,0,H,1,0,0,0,Y,1,,,,,
89,Ac,actinium,[Rn],89,138,,7,19,0,0,H,1,0,0,0,Y,1,,,,,
90,Th,thorium,[Rn],90,142,,7,1,0,0,H,6,0,0,0,N,6,,,,,
90,Th,thorium,[Rn],90,142,,7,2,0,0,V,6,0,0,0,N,6,,,| 14,,
90,Th,thorium,[Rn],90,142,,7,3,0,0,V,6,0,0,0,N,6,,,,,
90,Th,thorium,[Rn],90,142,,7,4,0,0,H,6,0,0,0,N,6,,,- 4,| 9,–13
90,Th,thorium,[Rn],90,142,,7,5,0,0,H,6,0,0,0,N,6,,- 18,| 2,-16,
90,Th,thorium,[Rn],90,142,,7,6,0,0,V,6,0,0,0,N,6,–10,| 6,- 1,| 7,–12
90,Th,thorium,[Rn],90,142,,7,7,0,0,V,6,0,0,0,N,6,,- 17,| 3,-19,
90,Th,thorium,[Rn],90,142,,7,8,0,0,V,6,0,0,0,N,6,- 11,| 8,- 5,,
90,Th,thorium,[Rn],90,142,,7,9,0,0,V,6,0,0,0,N,6,,,,,
90,Th,thorium,[Rn],90,142,,7,10,0,0,H,5,0,0,0,N,5,,,| 15,,
90,Th,thorium,[Rn],90,142,,7,11,0,0,H,5,0,0,0,N,5,,,,,
90,Th,thorium,[Rn],90,142,,7,12,0,0,H,5,0,0,0,N,5,,,,,
90,Th,thorium,[Rn],90,142,,7,13,0,0,H,5,0,0,0,N,5,,,,,
90,Th,thorium,[Rn],90,142,,7,14,0,0,V,5,0,0,0,Y,5,,,,,
90,Th,thorium,[Rn],90,142,,7,15,0,0,V,5,0,0,0,Y,5,,,,,
90,Th,thorium,[Rn],90,142,,7,16,0,0,H,2,0,0,0,N,2,,,,,
90,Th,thorium,[Rn],90,142,,7,17,0,0,H,2,0,0,0,N,2,,,,,
90,Th,thorium,[Rn],90,142,,7,18,0,0,H,1,0,0,0,Y,1,,,,,
90,Th,thorium,[Rn],90,142,,7,19,0,0,H,1,0,0,0,Y,1,,,,,
